# Blender 4.4.3
# www.blender.org
mtllib apache.mtl
o apache
v -0.256259 1.154489 2.550689
v -0.110787 0.877205 5.239117
v 0.008982 1.239955 2.550690
v 0.008982 0.962670 5.239118
v 0.128752 0.877205 5.239117
v 0.274223 1.154489 2.550689
v 0.008982 1.866411 0.606146
v -0.345418 1.780946 0.606145
v 0.363383 1.780946 0.606144
v 0.008982 1.872725 -0.560543
v -0.345998 1.787258 -0.560546
v 0.008982 1.827317 -1.302821
v 0.363962 1.787258 -0.560547
v -0.346183 1.741851 -1.302823
v 0.364147 1.741851 -1.302823
v -0.110787 0.666954 5.239116
v -0.256259 0.645536 2.532254
v 0.008982 0.602575 5.239117
v 0.008982 0.581158 2.532255
v 0.128752 0.666954 5.239116
v 0.274223 0.645536 2.532254
v -0.345419 0.601976 0.657913
v 0.008982 0.537597 0.657913
v 0.363383 0.601976 0.657913
v -0.345998 0.634172 -0.560545
v 0.008982 0.569794 -0.560544
v 0.363962 0.634172 -0.560545
v -0.346183 0.647483 -1.302821
v 0.008982 0.583105 -1.302821
v 0.364148 0.647483 -1.302821
v -0.346369 0.660109 -2.045098
v 0.008982 0.595731 -2.045097
v 0.364333 0.660109 -2.045098
v -0.309617 0.716242 -2.497230
v 0.008982 0.651864 -2.497230
v 0.327582 0.716242 -2.497230
v -0.080049 0.798313 -2.717467
v 0.008982 0.780093 -2.717467
v 0.098013 0.798313 -2.717467
v 0.008982 1.581722 -1.939004
v -0.346368 1.496256 -1.939005
v 0.364333 1.496256 -1.939005
v 0.008982 1.323481 -2.206826
v -0.309617 1.238015 -2.206828
v 0.327581 1.238015 -2.206828
v 0.008982 1.093372 -2.717466
v -0.080049 1.073962 -2.717469
v 0.098013 1.073962 -2.717469
v -0.094510 0.382873 -1.890983
v 0.008982 0.382874 -1.890983
v -0.094510 0.316608 -1.890983
v 0.008982 0.316608 -1.890983
v 0.112475 0.382874 -1.890983
v 0.112475 0.316608 -1.890983
v 0.008982 0.361469 -1.340155
v -0.094510 0.361469 -1.340155
v 0.008982 0.221815 -1.340155
v -0.094511 0.221815 -1.340155
v 0.112475 0.361469 -1.340155
v 0.112475 0.221815 -1.340155
v -0.094511 0.221815 -1.670652
v 0.008982 0.221815 -1.670652
v 0.112475 0.221815 -1.670652
v -0.094510 0.403566 -1.670652
v 0.008982 0.403566 -1.670652
v 0.112475 0.403566 -1.670652
v -0.141587 1.018560 -2.850008
v -0.141587 0.911904 -2.894186
v -0.220179 0.989315 -2.820762
v -0.220179 0.911904 -2.852826
v 0.008982 0.911904 -2.894186
v -0.141587 0.805247 -2.850008
v 0.008982 0.805247 -2.850008
v 0.008982 1.018560 -2.850008
v 0.159552 1.018560 -2.850008
v 0.159552 0.911904 -2.894186
v 0.159552 0.805247 -2.850008
v 0.238143 0.989315 -2.820762
v 0.238143 0.911904 -2.852826
v 0.238143 0.834493 -2.820762
v -0.220179 0.834493 -2.820762
v -0.141587 0.761069 -2.743351
v -0.220179 0.802428 -2.743351
v 0.008982 0.761069 -2.743351
v -0.141587 0.805247 -2.636694
v 0.008982 0.805247 -2.636694
v 0.159552 0.761069 -2.743351
v 0.159552 0.805247 -2.636694
v 0.238143 0.802428 -2.743351
v 0.238143 0.834493 -2.665940
v -0.220179 0.834493 -2.665940
v -0.141587 0.911904 -2.592516
v -0.220179 0.911904 -2.633875
v 0.008982 0.911904 -2.592516
v -0.141587 1.018560 -2.636694
v 0.008982 1.018560 -2.636695
v 0.159552 0.911904 -2.592516
v 0.159552 1.018560 -2.636694
v 0.238143 0.911904 -2.633875
v 0.238143 0.989315 -2.665940
v -0.220179 0.989315 -2.665940
v -0.141587 1.062739 -2.743351
v -0.220179 1.021380 -2.743351
v 0.008982 1.062739 -2.743351
v 0.159552 1.062739 -2.743351
v 0.238143 1.021380 -2.743351
v -0.115001 0.996783 -2.580333
v 0.008982 0.996783 -2.534109
v -0.115001 1.141625 -2.580333
v 0.008982 1.141625 -2.534109
v -0.095525 1.196862 -2.599809
v 0.132965 0.996783 -2.580333
v 0.132965 1.141625 -2.580333
v 0.008982 1.196862 -2.561651
v 0.113490 1.196862 -2.599809
v -0.161225 0.996783 -2.691929
v -0.161225 1.141625 -2.691929
v -0.133683 1.196862 -2.691929
v -0.115001 1.141625 -2.803524
v -0.095525 1.196862 -2.784050
v -0.115001 0.996783 -2.803524
v 0.179189 0.996783 -2.691929
v 0.179189 1.141625 -2.691929
v 0.151647 1.196863 -2.691929
v 0.132965 1.141625 -2.803524
v 0.113490 1.196862 -2.784050
v 0.132965 0.996783 -2.803524
v 0.008982 0.996783 -2.849750
v 0.008982 1.141625 -2.849750
v 0.008982 1.196862 -2.822206
v -0.617898 1.544482 0.270418
v -0.530106 1.508116 0.270418
v -0.593670 1.568708 0.433260
v -0.530106 1.542378 0.433260
v -0.530106 1.558926 0.184948
v -0.442314 1.544482 0.270418
v -0.478242 1.580410 0.184948
v -0.581969 1.580410 0.184948
v -0.466541 1.568708 0.433260
v 0.635862 1.544482 0.270417
v 0.611635 1.568708 0.433260
v 0.548070 1.508116 0.270417
v 0.548070 1.542378 0.433260
v 0.548070 1.558926 0.184947
v 0.460278 1.544482 0.270418
v 0.496207 1.580410 0.184947
v 0.599934 1.580410 0.184947
v 0.484506 1.568708 0.433260
v -0.405950 1.632272 0.270418
v -0.440212 1.632272 0.433260
v -0.456760 1.632272 0.184948
v -0.442314 1.720064 0.270418
v -0.478242 1.684136 0.184948
v -0.466541 1.695837 0.433260
v 0.423914 1.632272 0.270418
v 0.458176 1.632272 0.433260
v 0.474724 1.632272 0.184947
v 0.460278 1.720064 0.270418
v 0.496207 1.684136 0.184947
v 0.484506 1.695837 0.433260
v -0.530106 1.756429 0.270418
v -0.530106 1.722167 0.433260
v -0.530106 1.705618 0.184947
v -0.617898 1.720064 0.270418
v -0.581969 1.684136 0.184947
v -0.593670 1.695837 0.433260
v 0.548070 1.756429 0.270417
v 0.548070 1.722167 0.433260
v 0.548070 1.705618 0.184947
v 0.635862 1.720064 0.270417
v 0.599934 1.684136 0.184947
v 0.611635 1.695837 0.433260
v -0.654262 1.632272 0.270418
v -0.620000 1.632272 0.433260
v -0.603452 1.632272 0.184948
v 0.672226 1.632272 0.270417
v 0.637964 1.632272 0.433260
v 0.621416 1.632272 0.184947
v -0.307579 1.632272 0.351839
v -0.475770 1.701939 0.316451
v -0.338926 1.556594 0.351839
v -0.507117 1.626261 0.316451
v 0.325543 1.632272 0.351838
v 0.356890 1.556594 0.351839
v 0.493734 1.701939 0.316451
v 0.525081 1.626261 0.316451
v -0.326812 1.544482 0.270418
v -0.495003 1.614148 0.235030
v 0.344777 1.544482 0.270418
v 0.512968 1.614148 0.235030
v -0.290448 1.632272 0.270418
v -0.458639 1.701939 0.235030
v 0.308412 1.632272 0.270417
v 0.476603 1.701939 0.235029
v -0.050086 1.961931 -0.632191
v -0.063737 1.809388 -0.667773
v -0.259176 1.960670 -0.384524
v -0.321146 1.808126 -0.384524
v -0.258825 1.955618 0.606145
v -0.320715 1.803075 0.606145
v -0.188969 1.607936 1.685367
v -0.234715 1.455392 1.685366
v 0.068051 1.961931 -0.632191
v 0.277140 1.960670 -0.384525
v 0.081701 1.809388 -0.667773
v 0.339111 1.808126 -0.384525
v 0.276790 1.955618 0.606145
v 0.338679 1.803075 0.606145
v 0.206933 1.607936 1.685367
v 0.252680 1.455392 1.685366
v 0.008982 1.607936 1.685367
v 0.008982 1.955618 0.606146
v 0.008982 1.960670 -0.384522
v 0.008982 1.961931 -0.632190
v 0.008982 1.455392 1.685367
v -0.480237 1.869635 1.733076
v -0.480237 1.357034 1.733076
v -0.350862 1.812989 1.683367
v -0.350862 1.385970 1.683367
v -0.609612 1.869635 1.733076
v -0.609612 1.357034 1.733076
v -0.738986 1.385970 1.683367
v -0.738986 1.812989 1.683368
v 0.498201 1.869635 1.733076
v 0.368826 1.812989 1.683367
v 0.498201 1.357034 1.733076
v 0.368826 1.385970 1.683367
v 0.627576 1.869635 1.733076
v 0.627576 1.357034 1.733076
v 0.756951 1.385970 1.683366
v 0.756951 1.812989 1.683367
v -0.480237 1.357033 0.415026
v -0.480237 1.869635 0.415026
v -0.350862 1.441152 0.415026
v -0.350862 1.841925 0.415026
v -0.609612 1.869635 0.415026
v -0.609612 1.357033 0.415026
v -0.738986 1.841925 0.415026
v -0.738986 1.441152 0.415026
v 0.498201 1.357033 0.415026
v 0.368826 1.441152 0.415026
v 0.498201 1.869635 0.415026
v 0.368826 1.841925 0.415026
v 0.627576 1.869635 0.415025
v 0.627576 1.357033 0.415026
v 0.756951 1.841925 0.415025
v 0.756951 1.441152 0.415026
v -0.543243 1.023987 -1.566372
v -0.543243 0.655256 -1.566371
v -0.476123 0.945680 0.424205
v -0.476123 0.777915 0.424205
v -0.483576 0.665491 -1.982871
v -0.483576 0.983380 -1.982871
v -0.393143 0.750783 -2.257693
v -0.393143 0.843509 -2.257693
v 0.561208 1.023987 -1.566372
v 0.494087 0.945680 0.424205
v 0.561208 0.655256 -1.566371
v 0.494087 0.777916 0.424205
v 0.501540 0.665491 -1.982871
v 0.501540 0.983380 -1.982871
v 0.411107 0.750783 -2.257693
v 0.411107 0.843509 -2.257693
v -0.195558 0.935400 -2.371940
v -0.195558 0.750783 -2.371941
v 0.213522 0.935400 -2.371940
v 0.213523 0.750783 -2.371941
v -0.218793 1.037571 0.424206
v -0.218793 0.777915 0.424205
v 0.236757 1.037571 0.424206
v 0.236757 0.777916 0.424205
v -0.237586 0.655256 -1.566371
v -0.220879 0.665491 -1.982871
v 0.255551 0.655256 -1.566371
v 0.238844 0.665491 -1.982871
v -0.237586 1.115878 -1.566370
v -0.220879 1.075270 -1.982870
v 0.255551 1.115878 -1.566370
v 0.238844 1.075270 -1.982870
v -1.482362 1.172863 -0.105436
v -0.121194 1.172863 -0.105435
v -1.482362 1.090710 -0.105435
v -0.121195 1.090710 -0.105435
v 1.500326 1.172863 -0.105436
v 1.500327 1.090710 -0.105436
v 0.139159 1.172863 -0.105435
v 0.139159 1.090710 -0.105435
v -0.121195 1.097674 0.674831
v -1.482362 1.097674 0.506958
v -0.121195 1.067827 0.674831
v -1.482363 1.067827 0.506958
v 0.139160 1.097674 0.674831
v 0.139159 1.067827 0.674831
v 1.500327 1.097675 0.506958
v 1.500327 1.067827 0.506958
v -1.482363 1.067827 0.072158
v -0.121195 1.067827 0.072159
v 1.500327 1.067827 0.072157
v 0.139159 1.067827 0.072159
v -1.482362 1.192837 0.072158
v -0.121194 1.192837 0.072159
v 1.500327 1.192837 0.072157
v 0.139159 1.192837 0.072159
v -0.947947 1.172863 5.220770
v -0.947948 1.090711 5.220770
v -1.031891 1.192837 5.343439
v -1.031891 1.067828 5.343439
v 0.965912 1.172863 5.220770
v 1.049855 1.192837 5.343439
v 0.965912 1.090711 5.220770
v 1.049856 1.067828 5.343439
v -0.947948 1.097675 5.643767
v -0.947948 1.067828 5.643767
v 0.965912 1.097675 5.643767
v 0.965913 1.067828 5.643767
v -0.068281 1.097675 5.782893
v -0.068281 1.067828 5.782893
v -0.070030 1.192837 5.286047
v -0.070031 1.067828 5.286047
v 0.086246 1.097675 5.782893
v 0.087994 1.192837 5.286047
v 0.086245 1.067828 5.782893
v 0.087995 1.067828 5.286047
v -0.067983 1.172863 5.108454
v 0.008982 1.192837 5.286047
v 0.008982 1.172863 5.108454
v 0.085948 1.172863 5.108454
v -0.067984 1.090711 5.108454
v 0.008982 1.090711 5.108454
v 0.008982 1.067828 5.286047
v 0.085948 1.090711 5.108454
v 0.008982 2.582597 5.978945
v 0.008982 2.582597 5.415943
v -0.019549 2.541806 5.954015
v -0.019548 2.541806 5.454141
v 0.008982 1.882014 4.992113
v -0.036222 1.882014 5.030311
v 0.037513 2.541806 5.954015
v 0.037512 2.541806 5.454141
v 0.054187 1.882014 5.030311
v -0.061234 0.892323 5.222037
v -0.036223 1.882014 5.737103
v -0.061234 0.892323 4.394565
v 0.079199 0.892324 5.222037
v 0.079198 0.892324 4.394565
v 0.054187 1.882014 5.737103
v 0.008982 0.892324 5.246968
v 0.008982 1.882014 5.762033
v 0.008982 0.892324 4.356367
v 0.008982 1.809388 -0.667773
v -0.536252 0.014400 -0.655951
v -0.536252 0.073113 -0.797700
v -0.536252 0.356610 -0.797700
v -0.536252 0.214862 -0.856414
v -0.536252 0.415324 -0.655951
v -0.536252 0.073113 -0.514203
v -0.536252 0.356611 -0.514203
v -0.536252 0.214862 -0.455488
v 0.554216 0.014400 -0.655951
v 0.554216 0.356611 -0.797700
v 0.554216 0.073113 -0.797700
v 0.554216 0.214862 -0.856414
v 0.554216 0.415325 -0.655951
v 0.554216 0.073113 -0.514203
v 0.554216 0.356611 -0.514203
v 0.554216 0.214862 -0.455488
v -0.623001 0.214862 -0.856414
v -0.623001 0.356610 -0.797700
v -0.623001 0.073113 -0.797700
v 0.640965 0.214862 -0.856414
v 0.640965 0.356611 -0.797700
v 0.640965 0.073113 -0.797700
v -0.623001 0.014400 -0.655951
v -0.623001 0.073113 -0.514203
v 0.640965 0.014400 -0.655951
v 0.640965 0.073113 -0.514203
v -0.623001 0.214862 -0.455488
v -0.623001 0.356611 -0.514203
v 0.640965 0.214862 -0.455488
v 0.640965 0.356611 -0.514203
v -0.623001 0.415324 -0.655951
v 0.640965 0.415325 -0.655951
v -0.019913 0.520229 5.561654
v -0.019913 0.438921 5.527976
v -0.019913 0.323935 5.642962
v -0.019913 0.357613 5.561654
v -0.019913 0.553907 5.642962
v -0.019913 0.357613 5.724270
v -0.019913 0.438921 5.757947
v -0.019913 0.520229 5.724270
v 0.037877 0.520229 5.561654
v 0.037877 0.323935 5.642962
v 0.037877 0.438921 5.527976
v 0.037877 0.357614 5.561654
v 0.037877 0.553907 5.642962
v 0.037877 0.357614 5.724270
v 0.037877 0.438921 5.757947
v 0.037877 0.520229 5.724270
v 0.008982 0.520229 5.561654
v 0.008982 0.553907 5.642962
v 0.008982 0.520229 5.724270
v 0.008982 0.438921 5.757947
v 0.008982 0.357614 5.724270
v 0.008982 0.323935 5.642962
v 0.008982 0.357614 5.561654
v 0.008982 0.438921 5.527976
v -0.385572 0.674446 -1.304076
v -0.410562 0.692180 -1.297927
v -0.341506 0.724118 -1.268239
v -0.366496 0.741852 -1.262090
v -0.336742 0.697029 -1.283083
v -0.354994 0.676455 -1.297927
v -0.415326 0.719269 -1.283083
v -0.397074 0.739843 -1.268239
v 0.403536 0.674447 -1.304076
v 0.359470 0.724118 -1.268239
v 0.428527 0.692180 -1.297927
v 0.384461 0.741852 -1.262090
v 0.433291 0.719269 -1.283083
v 0.415038 0.739843 -1.268239
v 0.354706 0.697030 -1.283083
v 0.372959 0.676455 -1.297927
v -0.442162 0.324513 -0.800191
v -0.446926 0.351601 -0.785347
v -0.539393 0.156127 -0.611115
v -0.544157 0.183217 -0.596270
v 0.460126 0.324513 -0.800191
v 0.557357 0.156127 -0.611115
v 0.464891 0.351601 -0.785348
v 0.562121 0.183217 -0.596270
v -0.460415 0.303939 -0.815035
v -0.557645 0.135553 -0.625959
v 0.478379 0.303939 -0.815035
v 0.575610 0.135553 -0.625959
v -0.490992 0.301930 -0.821184
v -0.588223 0.133544 -0.632108
v -0.613213 0.151278 -0.625959
v -0.515983 0.319664 -0.815035
v 0.508957 0.301930 -0.821184
v 0.606187 0.133544 -0.632108
v 0.631178 0.151279 -0.625959
v 0.533947 0.319664 -0.815035
v -0.520747 0.346752 -0.800191
v -0.617977 0.178368 -0.611115
v -0.599725 0.198941 -0.596270
v -0.502494 0.367327 -0.785347
v 0.538711 0.346752 -0.800191
v 0.635942 0.178368 -0.611115
v 0.617689 0.198941 -0.596270
v 0.520459 0.367327 -0.785348
v -0.471917 0.369335 -0.779198
v -0.569147 0.200949 -0.590122
v 0.489881 0.369335 -0.779198
v 0.587112 0.200950 -0.590122
v -0.108206 0.329572 -1.503993
v -0.108206 0.603743 -1.389920
v -0.108206 0.329572 -1.579013
v -0.108206 0.603743 -1.521729
v 0.126171 0.329572 -1.503993
v 0.126171 0.329572 -1.579013
v 0.126171 0.603743 -1.389920
v 0.126171 0.603743 -1.521729
v -0.048596 0.329572 -1.503993
v -0.048596 0.603743 -1.389920
v 0.066560 0.329572 -1.503993
v 0.066560 0.603743 -1.389920
v -0.048596 0.329572 -1.579013
v 0.066560 0.329572 -1.579013
v -0.048595 0.603743 -1.521729
v 0.066560 0.603743 -1.521729
v 0.008982 0.341769 -2.304242
v 0.008982 0.339498 -2.166845
v -0.011140 0.348060 -2.304095
v -0.011140 0.345789 -2.166699
v 0.029105 0.348060 -2.304095
v 0.029105 0.345789 -2.166699
v 0.008982 0.345499 -2.144037
v -0.008939 0.349922 -2.143933
v 0.026903 0.349923 -2.143933
v 0.008982 0.340383 -1.885363
v -0.009358 0.345053 -1.885254
v 0.027323 0.345053 -1.885254
v -0.017433 0.363248 -2.303740
v -0.017433 0.360977 -2.166344
v -0.011140 0.378436 -2.303385
v -0.011140 0.376166 -2.165989
v -0.013364 0.360603 -2.143684
v -0.014030 0.356328 -1.884990
v -0.008939 0.371283 -2.143434
v -0.009358 0.367602 -1.884727
v 0.035397 0.363248 -2.303740
v 0.035397 0.360977 -2.166344
v 0.029105 0.378436 -2.303385
v 0.029105 0.376166 -2.165989
v 0.031328 0.360603 -2.143684
v 0.031994 0.356328 -1.884990
v 0.026903 0.371284 -2.143434
v 0.027323 0.367603 -1.884727
v 0.008982 0.384728 -2.303238
v 0.008982 0.382457 -2.165842
v 0.008982 0.375707 -2.143331
v 0.008982 0.372273 -1.884618
v -0.081559 0.417760 5.626225
v -0.081559 0.459892 5.659081
v -0.081559 0.431075 5.609581
v -0.081559 0.473207 5.642437
v -0.081559 0.816851 5.141368
v -0.081559 0.774719 5.108513
v 0.099523 0.417761 5.626225
v 0.099523 0.431075 5.609581
v 0.099523 0.459892 5.659081
v 0.099523 0.473207 5.642437
v 0.099523 0.816851 5.141368
v 0.099523 0.774719 5.108513
v -0.045796 0.446767 5.676342
v -0.045796 0.404636 5.643486
v -0.010034 0.446767 5.676342
v -0.010034 0.404636 5.643486
v 0.063761 0.446767 5.676342
v 0.027998 0.446767 5.676342
v 0.063761 0.404636 5.643486
v 0.027998 0.404636 5.643486
v -0.045796 0.431075 5.609581
v -0.045796 0.473207 5.642437
v -0.010034 0.431075 5.609581
v -0.010034 0.473207 5.642437
v 0.063761 0.431075 5.609581
v 0.027998 0.431075 5.609581
v 0.063761 0.473207 5.642437
v 0.027998 0.473207 5.642437
v -0.045796 0.774719 5.108513
v 0.063761 0.774719 5.108513
v -0.045796 0.816851 5.141368
v 0.063761 0.816851 5.141368
v -1.480603 0.631021 -0.466528
v -1.480603 0.631022 0.480690
v -1.516967 0.718812 -0.466528
v -1.516967 0.718813 0.480690
v -1.480603 0.806604 0.480690
v -1.480603 0.806604 -0.466528
v 1.498567 0.631021 -0.466528
v 1.534932 0.718813 -0.466528
v 1.498567 0.631022 0.480690
v 1.534932 0.718813 0.480689
v 1.498568 0.806604 0.480690
v 1.498568 0.806604 -0.466528
v -1.392811 0.842969 0.480690
v -1.392811 0.842969 -0.466528
v -1.305020 0.806604 0.480690
v -1.305020 0.806604 -0.466528
v 1.410776 0.842969 0.480690
v 1.410776 0.842969 -0.466528
v 1.322984 0.806604 0.480690
v 1.322984 0.806604 -0.466528
v -1.268655 0.718813 0.480690
v -1.268655 0.718813 -0.466528
v -1.305020 0.631022 0.480690
v -1.305020 0.631021 -0.466528
v 1.286619 0.718813 0.480690
v 1.286619 0.718813 -0.466528
v 1.322984 0.631022 0.480690
v 1.322984 0.631021 -0.466528
v -1.392811 0.594657 0.480690
v -1.392811 0.594656 -0.466528
v 1.410776 0.594657 0.480690
v 1.410776 0.594656 -0.466528
v -1.432919 0.812462 -0.246909
v -1.432919 1.109962 -0.039158
v -1.345127 0.812462 -0.246909
v -1.345127 1.109962 -0.039158
v 1.450884 0.812462 -0.246910
v 1.363092 0.812462 -0.246909
v 1.450884 1.109962 -0.039158
v 1.363092 1.109962 -0.039158
v -1.432919 0.812462 0.261071
v -1.432919 1.109962 0.338495
v 1.450884 0.812462 0.261071
v 1.450884 1.109962 0.338495
v -1.345127 0.812462 0.261071
v -1.345127 1.109962 0.338495
v 1.363092 0.812462 0.261071
v 1.363092 1.109962 0.338495
v -0.918386 0.812462 0.261071
v -0.918386 1.109962 0.338495
v -0.918386 0.812462 -0.246909
v -0.918386 1.109962 -0.039158
v 0.936351 0.812462 0.261071
v 0.936351 0.812462 -0.246909
v 0.936351 1.109962 0.338495
v 0.936351 1.109962 -0.039158
v -0.892023 0.812462 -0.246909
v -0.892023 0.812462 0.261071
v 0.909987 0.812462 -0.246909
v 0.909987 0.812462 0.261071
v -0.892023 1.109962 -0.039158
v 0.909987 1.109962 -0.039158
v -0.892023 1.109962 0.338495
v 0.909987 1.109962 0.338495
v -0.962857 0.990050 -0.038608
v -0.962857 0.990050 0.158983
v -0.962857 1.006444 -0.038608
v -0.962857 1.006444 0.158983
v -0.846425 1.006444 -0.038608
v -0.846425 0.990050 -0.038608
v 0.864389 1.006444 -0.038608
v 0.980821 1.006444 -0.038608
v 0.864389 0.990050 -0.038608
v 0.980821 0.990050 -0.038608
v -0.846425 0.990050 0.158983
v 0.864389 0.990050 0.158983
v 0.980821 0.990050 0.158983
v -0.846425 1.006444 0.158983
v 0.864389 1.006444 0.158983
v 0.980821 1.006444 0.158983
v -0.846425 0.854710 0.169597
v -0.846425 0.854710 -0.049222
v -0.962857 0.854710 0.169597
v -0.962857 0.854710 -0.049222
v 0.864389 0.854710 0.169597
v 0.980821 0.854710 0.169597
v 0.864389 0.854710 -0.049222
v 0.980821 0.854710 -0.049222
v -0.846425 0.838316 0.169597
v -0.962857 0.838316 0.169597
v 0.864389 0.838316 0.169597
v 0.980821 0.838316 0.169597
v -0.846425 0.838316 -0.049222
v -0.962857 0.838316 -0.049222
v 0.864389 0.838316 -0.049222
v 0.980821 0.838316 -0.049222
v -1.002657 0.945422 0.213447
v -1.041187 0.961381 0.213447
v -1.002657 0.945422 -0.293299
v -1.041187 0.961381 -0.293299
v -1.002657 0.961611 -0.462214
v -0.964127 0.961381 -0.293299
v -0.975574 0.972829 -0.462214
v -0.964127 0.961381 0.213447
v -1.029739 0.972829 -0.462214
v -1.002657 0.999911 -0.503862
v -1.057146 0.999912 0.213447
v -1.057146 0.999912 -0.293299
v -1.041187 1.038441 0.213447
v -1.040957 0.999911 -0.462214
v -1.041187 1.038441 -0.293299
v -1.029739 1.026994 -0.462214
v -1.002657 1.054401 0.213447
v -1.002657 1.054401 -0.293299
v -0.964127 1.038441 0.213447
v -1.002657 1.038211 -0.462214
v -0.964127 1.038441 -0.293299
v -0.975574 1.026994 -0.462214
v -0.948167 0.999912 0.213447
v -0.948167 0.999912 -0.293299
v -0.964357 0.999911 -0.462214
v -1.058390 0.935452 0.008573
v -1.058390 0.935452 0.187589
v -1.071565 0.948627 0.008573
v -1.071565 0.948627 0.187589
v -0.937741 1.056100 0.187589
v -0.937741 1.056100 0.008573
v -0.950916 1.069275 0.187589
v -0.950916 1.069275 0.008573
v -1.011241 1.008951 -0.049523
v -0.998066 0.995776 -0.049523
v -0.998066 0.995776 0.187589
v -1.011241 1.008951 0.187589
v -0.937741 0.948627 0.187589
v -0.937741 0.948627 0.008573
v -0.998066 1.008951 0.187589
v -0.998066 1.008951 -0.049523
v -1.058390 1.069275 0.187589
v -1.058390 1.069275 0.008573
v -0.950916 0.935452 0.187589
v -1.011241 0.995776 0.187589
v -1.071565 1.056100 0.187589
v -0.950916 0.935452 0.008573
v -1.011241 0.995776 -0.049523
v -1.071565 1.056100 0.008573
vn -0.8323 0.5314 0.1579
vn -0.8559 0.4433 0.2663
vn -0.0000 0.9784 0.2068
vn -0.0000 0.7923 0.6101
vn 0.8559 0.4433 0.2663
vn 0.8323 0.5314 0.1579
vn -0.0000 0.9870 0.1610
vn -0.7871 0.6075 0.1067
vn 0.7871 0.6075 0.1066
vn -0.0000 1.0000 -0.0091
vn -0.7960 0.6044 -0.0340
vn -0.0000 0.9812 -0.1930
vn 0.7960 0.6044 -0.0340
vn -0.7647 0.6250 -0.1571
vn 0.7647 0.6250 -0.1571
vn -0.7520 -0.4759 0.4560
vn -0.8021 -0.5943 0.0579
vn -0.0000 -0.9504 0.3110
vn -0.0000 -0.9997 0.0247
vn 0.7520 -0.4759 0.4560
vn 0.8021 -0.5943 0.0579
vn -0.7871 -0.6159 0.0347
vn -0.0000 -1.0000 -0.0016
vn 0.7870 -0.6159 0.0347
vn -0.7883 -0.6153 -0.0039
vn -0.0000 -0.9998 -0.0200
vn 0.7883 -0.6153 -0.0039
vn -0.7880 -0.6151 -0.0253
vn -0.0000 -0.9998 -0.0175
vn 0.7880 -0.6151 -0.0253
vn -0.5093 -0.8586 -0.0582
vn -0.0000 -0.9967 -0.0811
vn 0.5093 -0.8587 -0.0582
vn -0.5078 -0.8529 -0.1214
vn -0.4645 -0.7799 -0.4195
vn -0.0000 -0.9904 -0.1384
vn -0.0000 -0.9438 -0.3306
vn 0.5078 -0.8529 -0.1214
vn 0.4645 -0.7799 -0.4196
vn -0.4189 -0.6604 -0.6232
vn 0.0001 -0.8813 -0.4726
vn 0.4194 -0.6604 -0.6229
vn 0.4183 -0.6605 -0.6235
vn -0.0000 0.9137 -0.4065
vn -0.4586 0.7823 -0.4216
vn 0.4586 0.7823 -0.4216
vn -0.0000 0.8150 -0.5794
vn -0.0000 0.7485 -0.6632
vn -0.4332 0.6774 -0.5945
vn -0.0000 0.8126 -0.5828
vn -0.6419 0.5494 -0.5350
vn -0.5258 0.6278 -0.5739
vn 0.4332 0.6774 -0.5945
vn 0.5258 0.6278 -0.5739
vn 0.6419 0.5494 -0.5350
vn -0.0000 0.8798 -0.4753
vn -0.6703 0.5549 -0.4926
vn 0.6703 0.5549 -0.4926
vn -0.4645 0.2488 0.8499
vn -0.2740 -0.1850 0.9438
vn -0.0000 0.1796 0.9837
vn -0.0000 -0.4675 0.8840
vn 0.4645 0.2488 0.8499
vn 0.2740 -0.1850 0.9438
vn -0.9423 -0.3313 -0.0488
vn -0.9117 0.3250 -0.2514
vn 0.9423 -0.3313 -0.0488
vn 0.9117 0.3250 -0.2514
vn -0.9409 -0.3261 -0.0913
vn -0.8990 0.3266 -0.2917
vn -0.9063 -0.2700 -0.3251
vn -0.7806 -0.0988 -0.6172
vn -0.7161 -0.0288 -0.6974
vn -0.7969 -0.2059 -0.5679
vn 0.9409 -0.3261 -0.0913
vn 0.9063 -0.2700 -0.3251
vn 0.8990 0.3266 -0.2917
vn 0.7805 -0.0988 -0.6173
vn 0.7969 -0.2059 -0.5679
vn 0.7161 -0.0288 -0.6974
vn -0.2551 0.4621 -0.8493
vn -0.0000 0.1158 -0.9933
vn -0.3092 -0.4817 -0.8200
vn -0.0000 -0.6286 -0.7778
vn 0.2550 0.4622 -0.8493
vn 0.3092 -0.4816 -0.8200
vn -0.0000 0.5011 0.8654
vn -0.3563 0.1772 0.9174
vn -0.0000 -0.2351 0.9720
vn -0.2593 -0.5133 0.8181
vn 0.3563 0.1772 0.9174
vn 0.2593 -0.5133 0.8181
vn -0.4028 -0.8752 -0.2680
vn -0.0000 -0.9782 -0.2075
vn -0.2211 -0.9591 0.1765
vn 0.4028 -0.8752 -0.2680
vn -0.0000 -0.8535 0.5210
vn 0.2211 -0.9591 0.1765
vn -0.3832 0.9233 0.0246
vn -0.0000 1.0000 0.0043
vn -0.2269 0.9326 -0.2808
vn -0.0000 0.7543 -0.6565
vn 0.3832 0.9233 0.0246
vn 0.2268 0.9326 -0.2808
vn -0.0000 0.9480 0.3181
vn -0.3895 0.7847 0.4823
vn 0.3896 0.7847 0.4822
vn -0.9312 -0.3305 -0.1539
vn -0.9241 0.3818 0.0157
vn -0.8909 -0.2049 -0.4054
vn -0.8465 0.4637 -0.2615
vn -0.9094 0.1788 0.3756
vn -0.8439 -0.4976 0.2006
vn 0.9312 -0.3305 -0.1539
vn 0.8909 -0.2049 -0.4054
vn 0.9241 0.3818 0.0157
vn 0.8465 0.4637 -0.2616
vn 0.9094 0.1788 0.3756
vn 0.8439 -0.4976 0.2007
vn -0.2957 0.6620 -0.6887
vn -0.2957 -0.0188 -0.9551
vn -0.8471 0.2946 -0.4423
vn -0.7522 -0.0659 -0.6557
vn -0.0000 0.0879 -0.9961
vn -0.2957 -0.6887 -0.6620
vn -0.0000 -0.6422 -0.7666
vn -0.0000 0.7665 -0.6422
vn 0.2957 0.6620 -0.6887
vn 0.2957 -0.0188 -0.9551
vn 0.2957 -0.6886 -0.6620
vn 0.8471 0.2946 -0.4423
vn 0.7522 -0.0659 -0.6557
vn 0.7863 -0.4419 -0.4319
vn -0.7863 -0.4419 -0.4319
vn -0.2957 -0.9551 0.0188
vn -0.8025 -0.5962 0.0219
vn -0.0000 -0.9961 -0.0879
vn -0.2957 -0.6620 0.6887
vn -0.0000 -0.7665 0.6422
vn 0.2957 -0.9551 0.0188
vn 0.2957 -0.6620 0.6886
vn 0.8025 -0.5962 0.0219
vn 0.8471 -0.2946 0.4423
vn -0.8471 -0.2946 0.4423
vn -0.2957 0.0188 0.9551
vn -0.7522 0.0659 0.6557
vn -0.0000 -0.0879 0.9961
vn -0.2957 0.6886 0.6620
vn -0.0000 0.6422 0.7665
vn 0.2957 0.0188 0.9551
vn 0.2957 0.6886 0.6620
vn 0.7522 0.0659 0.6557
vn 0.7863 0.4419 0.4319
vn -0.7863 0.4419 0.4319
vn -0.2957 0.9551 -0.0188
vn -0.8025 0.5962 -0.0219
vn -0.0000 0.9961 0.0880
vn 0.2957 0.9551 -0.0188
vn 0.8025 0.5962 -0.0219
vn -0.7559 0.0554 0.6523
vn -0.0000 0.0634 0.9980
vn -0.6544 0.2861 0.6999
vn -0.0000 0.3378 0.9412
vn -0.4323 0.7783 0.4553
vn 0.7559 0.0553 0.6523
vn 0.6544 0.2861 0.6999
vn -0.0000 0.8862 0.4634
vn 0.4323 0.7783 0.4553
vn -0.9944 0.0556 -0.0897
vn -0.9576 0.2876 0.0184
vn -0.6632 0.7454 0.0673
vn -0.6803 0.2873 -0.6743
vn -0.4839 0.8094 -0.3327
vn -0.6301 0.0553 -0.7745
vn 0.9944 0.0556 -0.0897
vn 0.9576 0.2876 0.0184
vn 0.6632 0.7454 0.0673
vn 0.6803 0.2873 -0.6743
vn 0.4839 0.8094 -0.3327
vn 0.6301 0.0553 -0.7745
vn -0.0000 0.0405 -0.9992
vn -0.0000 0.2335 -0.9724
vn -0.0000 0.7854 -0.6190
vn -0.7048 -0.6772 -0.2114
vn -0.0195 -0.9772 -0.2115
vn -0.6346 -0.7617 0.1310
vn 0.0898 -0.9873 0.1310
vn 0.0200 -0.5564 -0.8307
vn 0.6772 -0.7048 -0.2114
vn 0.4091 -0.5056 -0.7596
vn -0.4281 -0.3146 -0.8472
vn 0.7617 -0.6346 0.1310
vn 0.7048 -0.6772 -0.2114
vn 0.6346 -0.7617 0.1310
vn 0.0195 -0.9772 -0.2115
vn -0.0898 -0.9873 0.1310
vn -0.0200 -0.5563 -0.8307
vn -0.6772 -0.7048 -0.2115
vn -0.4091 -0.5056 -0.7596
vn 0.4281 -0.3146 -0.8472
vn -0.7617 -0.6346 0.1310
vn 0.9772 -0.0195 -0.2115
vn 0.9873 0.0898 0.1310
vn 0.6028 -0.1012 -0.7915
vn 0.7048 0.6772 -0.2115
vn 0.4281 0.3146 -0.8472
vn 0.6346 0.7617 0.1310
vn -0.9772 -0.0195 -0.2115
vn -0.9873 0.0898 0.1310
vn -0.6028 -0.1011 -0.7915
vn -0.7048 0.6772 -0.2115
vn -0.4281 0.3146 -0.8472
vn -0.6346 0.7617 0.1310
vn 0.0195 0.9772 -0.2115
vn -0.0898 0.9873 0.1310
vn -0.0200 0.5563 -0.8307
vn -0.6772 0.7048 -0.2115
vn -0.4091 0.5056 -0.7596
vn -0.7617 0.6346 0.1310
vn -0.0195 0.9772 -0.2115
vn 0.0898 0.9873 0.1310
vn 0.0200 0.5563 -0.8307
vn 0.6772 0.7048 -0.2115
vn 0.4091 0.5056 -0.7596
vn 0.7617 0.6346 0.1310
vn -0.9772 0.0195 -0.2115
vn -0.9873 -0.0898 0.1310
vn -0.6028 0.1011 -0.7915
vn 0.9772 0.0195 -0.2115
vn 0.9873 -0.0898 0.1310
vn 0.6028 0.1011 -0.7915
vn 0.0381 0.5243 0.8507
vn -0.0871 0.2760 0.9572
vn -0.2567 -0.1336 0.9572
vn -0.3437 -0.3977 0.8507
vn -0.0381 0.5243 0.8507
vn 0.2567 -0.1336 0.9572
vn 0.0871 0.2760 0.9572
vn 0.2568 -0.1336 0.9572
vn 0.3437 -0.3977 0.8507
vn -0.4153 -0.7205 0.5553
vn -0.4178 -0.8602 0.2923
vn -0.3496 -0.9237 -0.1568
vn -0.2490 -0.8433 -0.4763
vn 0.4153 -0.7205 0.5553
vn 0.3496 -0.9237 -0.1568
vn 0.4178 -0.8602 0.2923
vn 0.2489 -0.8433 -0.4763
vn 0.4201 0.7724 -0.4763
vn 0.4059 0.9004 -0.1568
vn 0.3128 0.9037 0.2923
vn 0.2159 0.8032 0.5553
vn -0.4201 0.7724 -0.4763
vn -0.3128 0.9037 0.2924
vn -0.4059 0.9004 -0.1568
vn -0.3128 0.9037 0.2923
vn -0.2159 0.8032 0.5553
vn -0.0646 -0.5714 -0.8181
vn 0.0806 -0.2899 -0.9537
vn 0.2619 0.1480 -0.9537
vn 0.3584 0.4497 -0.8181
vn 0.0646 -0.5714 -0.8181
vn -0.2620 0.1480 -0.9537
vn -0.0806 -0.2899 -0.9537
vn -0.2619 0.1480 -0.9537
vn -0.3582 0.4498 -0.8182
vn -0.2946 0.6721 -0.6793
vn -0.4452 0.3973 -0.8025
vn -0.5463 0.7754 -0.3166
vn -0.8310 0.4832 -0.2756
vn -0.5244 0.8457 0.0993
vn -0.8768 0.4688 0.1072
vn -0.2676 0.8750 0.4034
vn -0.8933 0.4256 0.1446
vn -0.7593 0.2277 0.6096
vn -0.7501 0.5628 0.3473
vn 0.2946 0.6721 -0.6793
vn 0.5463 0.7754 -0.3166
vn 0.4452 0.3973 -0.8025
vn 0.8310 0.4832 -0.2756
vn 0.5244 0.8457 0.0993
vn 0.8768 0.4688 0.1072
vn 0.2676 0.8750 0.4035
vn 0.7501 0.5628 0.3473
vn 0.7593 0.2277 0.6096
vn 0.8933 0.4256 0.1446
vn -0.0000 0.7386 0.6741
vn -0.0000 0.9842 0.1769
vn -0.0000 0.9993 -0.0386
vn -0.0000 0.8019 -0.5974
vn -0.2585 0.4415 0.8592
vn -0.2030 0.0608 0.9773
vn -0.0000 0.2000 0.9798
vn -0.0000 -0.0000 1.0000
vn 0.2585 0.4415 0.8592
vn 0.2030 0.0609 0.9773
vn 0.2535 0.3829 0.8883
vn 0.3672 -0.3578 0.8586
vn 0.5308 0.2989 0.7931
vn 0.6956 -0.1893 0.6931
vn -0.2231 0.3691 0.9022
vn -0.1873 -0.3770 0.9071
vn 0.0583 0.3820 0.9223
vn 0.1787 -0.3655 0.9135
vn -0.5201 -0.3001 0.7997
vn -0.6887 0.1831 0.7016
vn -0.2534 0.3829 0.8883
vn -0.5308 0.2988 0.7931
vn -0.3672 -0.3578 0.8586
vn -0.6956 -0.1893 0.6931
vn 0.2231 0.3691 0.9022
vn -0.0583 0.3820 0.9223
vn 0.1873 -0.3770 0.9071
vn -0.1787 -0.3655 0.9135
vn 0.5201 -0.3001 0.7997
vn 0.6887 0.1832 0.7016
vn 0.0507 -0.3668 -0.9289
vn 0.0679 0.3755 -0.9243
vn 0.2983 -0.3101 -0.9027
vn 0.5130 0.2210 -0.8295
vn -0.0179 0.3803 -0.9247
vn -0.0863 -0.3675 -0.9260
vn -0.2541 0.3433 -0.9042
vn -0.5208 -0.2045 -0.8288
vn -0.0507 -0.3668 -0.9289
vn -0.2983 -0.3101 -0.9027
vn -0.0679 0.3755 -0.9243
vn -0.5130 0.2210 -0.8295
vn 0.0179 0.3803 -0.9247
vn 0.0863 -0.3675 -0.9260
vn 0.2541 0.3433 -0.9042
vn 0.5208 -0.2045 -0.8288
vn 0.9026 0.3082 0.3006
vn 0.9717 -0.1746 0.1590
vn 0.9620 0.1905 -0.1954
vn 0.8771 -0.3192 -0.3589
vn -0.9026 0.3082 0.3006
vn -0.9620 0.1905 -0.1954
vn -0.9717 -0.1746 0.1590
vn -0.8771 -0.3192 -0.3589
vn -0.8543 0.3634 -0.3718
vn -0.9652 -0.1755 -0.1936
vn -0.9705 0.1702 0.1710
vn -0.8977 -0.3119 0.3112
vn 0.8543 0.3634 -0.3717
vn 0.9705 0.1702 0.1710
vn 0.9652 -0.1755 -0.1936
vn 0.8977 -0.3119 0.3112
vn 0.3549 -0.8437 -0.4028
vn 0.5771 -0.7447 -0.3352
vn 0.4675 -0.8079 0.3588
vn 0.4038 -0.8383 -0.3662
vn 0.6301 -0.7611 0.1539
vn 0.2877 -0.8951 0.3405
vn 0.0514 -0.9169 -0.3957
vn 0.1788 -0.9132 0.3662
vn -0.1474 -0.9152 0.3750
vn -0.2341 -0.8878 -0.3961
vn -0.4632 -0.8330 0.3027
vn -0.7488 -0.6258 -0.2182
vn -0.3549 -0.8437 -0.4028
vn -0.4675 -0.8079 0.3588
vn -0.5771 -0.7447 -0.3352
vn -0.2877 -0.8951 0.3405
vn -0.6301 -0.7611 0.1540
vn -0.4039 -0.8383 -0.3662
vn 0.2341 -0.8878 -0.3961
vn 0.1474 -0.9152 0.3750
vn -0.0514 -0.9169 -0.3957
vn -0.1788 -0.9132 0.3662
vn 0.4631 -0.8330 0.3027
vn 0.7488 -0.6258 -0.2182
vn 0.1555 0.9123 0.3789
vn 0.5440 0.7874 0.2899
vn 0.1291 0.9163 -0.3791
vn 0.6066 0.7689 -0.2023
vn -0.0751 0.9200 -0.3847
vn -0.2329 0.8983 0.3726
vn -0.3695 0.8636 -0.3429
vn -0.7068 0.6805 0.1931
vn -0.1555 0.9123 0.3789
vn -0.1291 0.9163 -0.3791
vn -0.5440 0.7874 0.2900
vn -0.6066 0.7689 -0.2023
vn 0.0750 0.9200 -0.3847
vn 0.2329 0.8983 0.3726
vn 0.3695 0.8636 -0.3429
vn 0.7068 0.6805 0.1931
vn -0.8035 0.5894 -0.0833
vn -0.9419 -0.3337 -0.0388
vn -0.8050 0.5723 0.1565
vn -0.8246 -0.1987 0.5297
vn -0.9130 -0.3256 -0.2457
vn -0.7944 0.5135 -0.3243
vn -0.8607 -0.2112 -0.4633
vn -0.7466 0.1830 -0.6397
vn 0.8035 0.5894 -0.0833
vn 0.8050 0.5723 0.1565
vn 0.9418 -0.3336 -0.0407
vn 0.8252 -0.1996 0.5284
vn 0.9131 -0.3256 -0.2456
vn 0.7944 0.5135 -0.3243
vn 0.8607 -0.2112 -0.4633
vn 0.7466 0.1830 -0.6397
vn -0.6059 0.4255 -0.6722
vn -0.5003 -0.4078 -0.7638
vn -0.5631 -0.5147 -0.6465
vn 0.6059 0.4255 -0.6722
vn 0.5003 -0.4078 -0.7638
vn 0.5631 -0.5147 -0.6465
vn -0.4917 0.3544 0.7954
vn -0.2019 -0.1735 0.9639
vn -0.1104 0.1890 0.9758
vn -0.0000 -0.5097 0.8603
vn 0.4916 0.3545 0.7954
vn 0.1104 0.1890 0.9758
vn 0.2029 -0.1746 0.9635
vn -0.0000 -0.5119 0.8590
vn -0.0000 -1.0000 -0.0058
vn -0.0000 -0.9607 0.2776
vn -0.4306 -0.9026 0.0002
vn -0.2337 -0.8002 0.5523
vn -0.4308 -0.9021 0.0242
vn -0.4132 -0.8853 -0.2134
vn -0.0580 -0.9742 -0.2181
vn -0.4000 -0.7709 -0.4957
vn -0.1215 -0.9580 -0.2597
vn -0.0000 -1.0000 -0.0056
vn 0.4306 -0.9026 -0.0007
vn -0.0000 -0.9614 0.2751
vn 0.2347 -0.8008 0.5510
vn 0.4132 -0.8853 -0.2133
vn 0.0580 -0.9742 -0.2181
vn 0.4000 -0.7709 -0.4957
vn 0.1215 -0.9580 -0.2597
vn -0.3232 0.7677 0.5534
vn -0.4288 0.9028 -0.0322
vn -0.4553 0.8559 -0.2451
vn 0.3232 0.7677 0.5534
vn 0.4288 0.9028 -0.0322
vn 0.4553 0.8559 -0.2451
vn -0.2357 0.4698 -0.8507
vn -0.0000 0.2225 -0.9749
vn -0.3547 -0.1763 -0.9182
vn -0.0000 -0.4930 -0.8700
vn 0.2357 0.4698 -0.8507
vn 0.3527 -0.1749 -0.9192
vn -0.0000 -0.4924 -0.8704
vn -0.1061 0.4810 0.8703
vn -0.4331 0.1581 0.8874
vn -0.1197 -0.2317 0.9654
vn -0.3410 -0.4781 0.8094
vn 0.1061 0.4810 0.8703
vn 0.1197 -0.2317 0.9654
vn 0.4331 0.1580 0.8874
vn 0.3395 -0.4758 0.8114
vn -0.3828 -0.9216 -0.0646
vn -0.0000 -0.9984 -0.0569
vn -0.2387 -0.9508 0.1974
vn -0.0649 -0.8517 0.5200
vn -0.0000 -0.9448 -0.3277
vn -0.3881 -0.7837 -0.4850
vn 0.3832 -0.9231 -0.0333
vn 0.2381 -0.9503 0.2008
vn -0.0000 -0.9987 -0.0509
vn 0.0648 -0.8517 0.5200
vn -0.0000 -0.9445 -0.3284
vn 0.3866 -0.7829 -0.4875
vn 0.3831 -0.9186 -0.0972
vn -0.3871 0.9220 -0.0037
vn -0.0000 1.0000 -0.0013
vn -0.2088 0.9336 -0.2911
vn -0.0000 0.8157 -0.5785
vn -0.0325 0.9354 0.3521
vn -0.4188 0.7472 0.5161
vn -0.0457 0.9241 0.3794
vn -0.3995 0.9057 0.1418
vn 0.3871 0.9220 -0.0038
vn 0.2088 0.9336 -0.2911
vn 0.0325 0.9354 0.3521
vn 0.4188 0.7472 0.5160
vn 0.3995 0.9057 0.1418
vn 0.0457 0.9241 0.3794
vn -0.9255 0.3779 0.0262
vn -0.9240 -0.3813 -0.0299
vn -0.9183 0.1607 0.3618
vn -0.8526 -0.4738 0.2202
vn -0.9087 -0.1781 -0.3775
vn -0.8370 0.4775 -0.2673
vn 0.9255 0.3779 0.0263
vn 0.9183 0.1607 0.3618
vn 0.9240 -0.3813 -0.0280
vn 0.8522 -0.4728 0.2239
vn 0.9079 -0.1771 -0.3799
vn 0.8370 0.4775 -0.2673
vn -0.6529 0.3902 -0.6492
vn -0.7047 -0.1360 -0.6964
vn -0.9079 0.3879 -0.1587
vn -0.9126 -0.3843 -0.1397
vn 0.6529 0.3902 -0.6492
vn 0.9079 0.3879 -0.1587
vn 0.7047 -0.1360 -0.6964
vn 0.9126 -0.3842 -0.1397
vn -0.8532 0.1471 0.5003
vn -0.8028 -0.4499 0.3914
vn 0.8532 0.1471 0.5003
vn 0.8027 -0.4498 0.3915
vn 0.8119 0.4656 0.3522
vn 0.8984 -0.2019 0.3901
vn 0.8409 0.4919 0.2255
vn 0.7728 -0.6300 0.0772
vn -0.8119 0.4656 0.3522
vn -0.8409 0.4919 0.2255
vn -0.8984 -0.2019 0.3901
vn -0.7728 -0.6300 0.0772
vn -0.4127 0.7060 0.5756
vn 0.1635 0.8979 0.4087
vn -0.3925 0.9152 0.0914
vn 0.2182 0.9307 0.2936
vn -0.3773 0.9147 -0.1449
vn 0.2154 0.9661 0.1424
vn -0.1936 0.8924 -0.4075
vn -0.0332 0.8878 -0.4590
vn -0.0000 0.9916 0.1296
vn -0.0000 0.8131 -0.5821
vn -0.2154 0.9661 0.1424
vn 0.0331 0.8878 -0.4590
vn 0.1936 0.8924 -0.4075
vn 0.3773 0.9147 -0.1449
vn 0.4127 0.7059 0.5756
vn 0.3925 0.9152 0.0914
vn -0.1635 0.8979 0.4087
vn -0.2182 0.9307 0.2936
vn -0.3391 -0.7353 -0.5868
vn -0.0343 -0.8643 -0.5019
vn -0.3865 -0.9063 -0.1710
vn -0.0229 -0.8824 -0.4699
vn 0.0967 -0.9952 0.0181
vn -0.3759 -0.9239 -0.0721
vn -0.2364 -0.9462 0.2212
vn 0.3706 -0.8253 0.4261
vn -0.0000 -0.9425 -0.3342
vn -0.0000 -0.8875 0.4608
vn 0.0229 -0.8824 -0.4699
vn -0.0967 -0.9952 0.0181
vn 0.3759 -0.9239 -0.0722
vn 0.2363 -0.9462 0.2212
vn -0.3706 -0.8253 0.4261
vn 0.3391 -0.7353 -0.5868
vn 0.3865 -0.9063 -0.1710
vn 0.0343 -0.8643 -0.5019
vn 0.0919 0.4332 0.8966
vn -0.4368 0.1489 0.8871
vn 0.2547 -0.2026 0.9456
vn -0.3504 -0.4589 0.8165
vn -0.0919 0.4332 0.8966
vn -0.2547 -0.2025 0.9456
vn 0.4368 0.1489 0.8871
vn 0.3504 -0.4589 0.8165
vn -0.2661 0.3889 -0.8820
vn -0.0634 0.3553 -0.9326
vn -0.3504 -0.1376 -0.9264
vn -0.0550 -0.3519 -0.9344
vn -0.0000 0.2183 -0.9759
vn -0.0000 -0.4870 -0.8734
vn 0.0634 0.3553 -0.9326
vn 0.0550 -0.3519 -0.9344
vn 0.3504 -0.1376 -0.9264
vn 0.2661 0.3889 -0.8820
vn -0.5841 0.3887 0.7126
vn -0.5207 0.7790 -0.3493
vn -0.9143 0.3989 0.0707
vn -0.9014 0.3778 -0.2114
vn -0.5163 0.5096 -0.6883
vn -0.3037 0.5645 -0.7675
vn -0.8957 0.2587 -0.3616
vn -0.9752 0.1774 -0.1326
vn 0.5841 0.3887 0.7126
vn 0.9143 0.3989 0.0707
vn 0.5207 0.7790 -0.3493
vn 0.9014 0.3778 -0.2114
vn 0.5162 0.5096 -0.6883
vn 0.9752 0.1774 -0.1326
vn 0.8957 0.2587 -0.3616
vn 0.3037 0.5645 -0.7675
vn -0.8134 -0.2315 0.5336
vn -0.8522 -0.1660 0.4962
vn -0.8538 0.3083 -0.4194
vn -0.9907 0.1168 0.0696
vn 0.8134 -0.2315 0.5336
vn 0.8538 0.3083 -0.4194
vn 0.8522 -0.1660 0.4962
vn 0.9907 0.1168 0.0696
vn -0.0000 -0.4397 0.8981
vn -0.0000 -0.3733 0.9277
vn -0.2422 -0.1505 0.9585
vn 0.2422 -0.1505 0.9585
vn -0.1906 -0.1591 0.9687
vn -0.7938 -0.0443 0.6065
vn -0.6490 -0.2211 0.7280
vn 0.6490 -0.2211 0.7280
vn 0.7938 -0.0443 0.6065
vn 0.1906 -0.1591 0.9687
vn -0.2152 0.5384 -0.8147
vn 0.2152 0.5384 -0.8147
vn 0.1295 -0.6495 0.7492
vn -0.0000 -0.2400 0.9708
vn 0.2483 0.4971 0.8314
vn -0.0000 0.5641 0.8257
vn -0.1294 -0.6495 0.7492
vn -0.2484 0.4971 0.8314
vn -0.0000 0.3820 -0.9241
vn 0.8950 -0.4389 -0.0793
vn 0.8950 -0.2543 -0.3664
vn 0.9575 0.2370 -0.1645
vn 0.8224 0.1011 -0.5598
vn 0.8950 0.4389 0.0793
vn 0.9575 -0.2370 0.1645
vn 0.8950 0.2543 0.3664
vn 0.8224 -0.1011 0.5598
vn -0.8950 -0.4389 -0.0793
vn -0.9575 0.2370 -0.1645
vn -0.8950 -0.2543 -0.3664
vn -0.8224 0.1012 -0.5598
vn -0.8950 0.4389 0.0793
vn -0.9575 -0.2370 0.1645
vn -0.8950 0.2543 0.3664
vn -0.8224 -0.1012 0.5598
vn -0.3186 -0.0751 -0.9449
vn -0.3186 0.6150 -0.7213
vn 0.1800 0.0849 -0.9800
vn 0.4744 0.6607 -0.5818
vn 0.3186 -0.6150 -0.7213
vn -0.1800 -0.7530 -0.6330
vn 0.3186 -0.0751 -0.9449
vn -0.1800 0.0849 -0.9800
vn 0.3186 0.6150 -0.7213
vn -0.4744 0.6607 -0.5817
vn -0.3186 -0.6150 -0.7213
vn 0.1800 -0.7530 -0.6329
vn -0.4744 -0.8786 0.0559
vn 0.3186 -0.9449 -0.0751
vn 0.4744 -0.6608 0.5817
vn -0.3186 -0.6151 0.7213
vn 0.4744 -0.8786 0.0559
vn -0.3186 -0.9449 -0.0751
vn -0.4744 -0.6608 0.5817
vn 0.3186 -0.6151 0.7213
vn -0.3186 0.0751 0.9449
vn 0.1800 -0.0849 0.9800
vn 0.3186 0.6150 0.7213
vn -0.1800 0.7530 0.6330
vn 0.3186 0.0751 0.9449
vn -0.1800 -0.0849 0.9800
vn -0.3186 0.6151 0.7212
vn 0.1800 0.7530 0.6330
vn -0.4744 0.8786 -0.0559
vn 0.3186 0.9449 0.0751
vn 0.4744 0.8786 -0.0559
vn -0.3186 0.9449 0.0751
vn -0.8950 0.2543 -0.3664
vn -0.9575 -0.2839 0.0513
vn -0.9575 0.2839 -0.0513
vn -0.8950 -0.2543 0.3664
vn -0.8950 0.0793 0.4389
vn -0.8224 0.4674 0.3243
vn -0.8950 -0.0793 -0.4389
vn -0.8224 -0.4674 -0.3243
vn 0.8950 0.2543 -0.3664
vn 0.9575 0.2839 -0.0513
vn 0.9575 -0.2839 0.0513
vn 0.8950 -0.2543 0.3664
vn 0.8950 -0.0793 -0.4389
vn 0.8224 -0.4674 -0.3243
vn 0.8950 0.0793 0.4389
vn 0.8224 0.4674 0.3243
vn -0.3186 0.6151 -0.7213
vn -0.4743 0.8786 -0.0559
vn -0.0000 0.7674 -0.6412
vn -0.0000 0.9960 0.0892
vn 0.3186 0.6151 -0.7212
vn 0.4743 0.8786 -0.0559
vn -0.0000 0.6412 0.7674
vn -0.0000 -0.0892 0.9960
vn -0.3186 -0.6151 0.7212
vn -0.0000 -0.7674 0.6412
vn -0.4743 -0.8786 0.0559
vn -0.0000 -0.9960 -0.0892
vn 0.4743 -0.8786 0.0559
vn -0.0000 -0.6412 -0.7674
vn 0.1800 -0.7530 -0.6330
vn -0.0000 0.0892 -0.9960
vn -0.0275 0.1504 -0.9882
vn -0.1150 0.4137 -0.9031
vn 0.4154 0.5491 -0.7252
vn 0.3226 0.8076 -0.4936
vn 0.6384 0.1788 -0.7487
vn 0.2845 0.1093 -0.9524
vn -0.3941 0.6533 -0.6464
vn -0.0415 0.8370 -0.5456
vn 0.0276 0.1504 -0.9882
vn -0.4154 0.5491 -0.7252
vn 0.1150 0.4137 -0.9031
vn -0.3226 0.8076 -0.4936
vn 0.3940 0.6533 -0.6464
vn 0.0415 0.8370 -0.5456
vn -0.6384 0.1788 -0.7487
vn -0.2845 0.1093 -0.9524
vn 0.9473 -0.3116 0.0749
vn 0.8068 0.2812 0.5197
vn 0.9345 -0.3165 0.1632
vn 0.7325 0.2975 0.6124
vn 0.8494 0.5262 -0.0396
vn 0.9570 -0.2288 -0.1781
vn -0.9473 -0.3116 0.0749
vn -0.9345 -0.3165 0.1632
vn -0.8068 0.2812 0.5197
vn -0.7325 0.2975 0.6124
vn -0.8494 0.5262 -0.0396
vn -0.9570 -0.2288 -0.1781
vn 0.5397 -0.7301 -0.4192
vn 0.5558 -0.7348 -0.3888
vn 0.4875 -0.5337 -0.6910
vn -0.5397 -0.7301 -0.4192
vn -0.5558 -0.7348 -0.3888
vn -0.4874 -0.5337 -0.6910
vn -0.1828 -0.7181 -0.6716
vn -0.1310 -0.7087 -0.6933
vn -0.7198 -0.3106 -0.6208
vn -0.2122 -0.5105 -0.8333
vn -0.7972 -0.2870 -0.5311
vn -0.6746 -0.0123 -0.7381
vn 0.1828 -0.7180 -0.6716
vn 0.1310 -0.7087 -0.6933
vn 0.7198 -0.3106 -0.6208
vn 0.2123 -0.5105 -0.8333
vn 0.7973 -0.2870 -0.5310
vn 0.6746 -0.0123 -0.7381
vn -0.9449 0.3203 -0.0681
vn -0.9407 0.2553 -0.2236
vn -0.6307 0.7050 0.3243
vn -0.8893 0.4476 -0.0942
vn -0.5157 0.7355 0.4394
vn -0.3822 0.9046 0.1888
vn 0.9449 0.3203 -0.0681
vn 0.9407 0.2553 -0.2236
vn 0.6307 0.7050 0.3243
vn 0.8893 0.4476 -0.0942
vn 0.5157 0.7355 0.4394
vn 0.3822 0.9046 0.1888
vn 0.2114 0.7093 0.6725
vn 0.0801 0.7262 0.6828
vn 0.3361 0.8811 0.3328
vn -0.2114 0.7093 0.6725
vn -0.0801 0.7262 0.6828
vn -0.3361 0.8811 0.3328
vn -0.8173 -0.5201 0.2482
vn -0.9279 -0.2090 0.3089
vn -0.9311 -0.1054 -0.3493
vn -0.9239 0.0783 -0.3746
vn 0.8174 -0.5173 0.2536
vn 0.9311 -0.1054 -0.3493
vn 0.9280 -0.2367 0.2876
vn 0.9239 0.0782 -0.3746
vn -0.1709 -0.8556 0.4886
vn 0.3095 -0.7577 0.5746
vn -0.3940 -0.4214 0.8168
vn 0.3131 -0.5141 0.7986
vn 0.3827 -0.3549 0.8530
vn 0.1710 -0.8531 0.4930
vn 0.3963 -0.4516 0.7994
vn -0.3057 -0.7593 0.5744
vn -0.3931 -0.4192 0.8184
vn -0.4744 -0.7734 -0.4205
vn 0.2657 -0.9570 -0.1160
vn 0.4744 -0.7734 -0.4205
vn -0.2670 -0.9570 -0.1132
vn -0.3827 0.1889 -0.9044
vn 0.3827 0.1890 -0.9044
vn -0.4106 0.0046 -0.9118
vn 0.3515 -0.4335 -0.8298
vn 0.3827 0.1889 -0.9044
vn 0.4107 0.0047 -0.9118
vn -0.3540 -0.4345 -0.8282
vn 0.9239 -0.1470 0.3533
vn 0.8904 -0.3240 0.3199
vn 0.8685 -0.4789 -0.1279
vn -0.9276 -0.2072 0.3110
vn -0.8892 -0.3438 0.3020
vn -0.9239 0.0782 -0.3746
vn -0.8692 -0.4784 -0.1247
vn -0.0000 -1.0000 0.0078
vn -0.0000 -0.9953 0.0965
vn -0.6111 -0.7914 0.0174
vn -0.6694 -0.7371 0.0921
vn 0.6111 -0.7913 0.0174
vn 0.6694 -0.7371 0.0921
vn -0.0000 -0.9947 0.1030
vn -0.6642 -0.7424 0.0872
vn 0.6642 -0.7424 0.0872
vn -0.0000 -0.9999 0.0133
vn -0.7295 -0.6838 0.0114
vn 0.7296 -0.6838 0.0114
vn -0.9950 -0.0972 0.0236
vn -0.9962 -0.0027 0.0869
vn -0.7434 0.6680 0.0351
vn -0.6734 0.7312 0.1092
vn -0.9961 -0.0032 0.0887
vn -0.9950 0.0967 0.0258
vn -0.6687 0.7338 0.1199
vn -0.5963 0.8016 0.0425
vn 0.9950 -0.0972 0.0236
vn 0.9962 -0.0029 0.0869
vn 0.7434 0.6680 0.0351
vn 0.6734 0.7312 0.1091
vn 0.9961 -0.0032 0.0887
vn 0.9950 0.0967 0.0258
vn 0.6687 0.7338 0.1199
vn 0.5963 0.8016 0.0425
vn -0.0000 0.9989 0.0477
vn -0.0000 0.9908 0.1353
vn -0.0000 0.9911 0.1329
vn -0.0000 0.9992 0.0389
vn -0.8093 -0.4828 0.3347
vn -0.8493 -0.0223 0.5275
vn -0.9447 -0.2907 -0.1517
vn -0.8795 0.3686 0.3010
vn -0.9733 0.1878 0.1322
vn -0.8505 -0.4284 -0.3050
vn 0.8055 -0.4869 0.3378
vn 0.9447 -0.2905 -0.1520
vn 0.8492 -0.0223 0.5276
vn 0.8795 0.3698 0.2995
vn 0.9733 0.1894 0.1299
vn 0.8505 -0.4300 -0.3028
vn -0.3365 -0.2051 0.9191
vn -0.3060 -0.8433 0.4418
vn -0.0510 -0.4138 0.9089
vn -0.0947 -0.8734 0.4777
vn -0.0000 -0.9371 0.3490
vn 0.3259 -0.2069 0.9225
vn 0.0627 -0.4140 0.9081
vn 0.2418 -0.8546 0.4596
vn 0.0235 -0.9373 0.3477
vn 0.1267 -0.0269 -0.9916
vn 0.2405 0.8985 -0.3672
vn -0.0000 0.4173 -0.9087
vn -0.0005 0.9372 -0.3487
vn -0.1269 -0.0282 -0.9915
vn -0.0000 0.4167 -0.9090
vn -0.2406 0.8985 -0.3672
vn 0.0006 0.9372 -0.3487
vn -0.0923 -0.9535 -0.2867
vn 0.0979 -0.7371 -0.6686
vn 0.0001 -0.9094 -0.4159
vn 0.0978 -0.7286 -0.6779
vn -0.0000 -0.3475 -0.9377
vn -0.4356 -0.7550 -0.4901
vn -0.2295 -0.7981 -0.5571
vn 0.5258 -0.6997 -0.4837
vn -0.4308 -0.8755 -0.2188
vn 0.0935 -0.9537 -0.2858
vn 0.0205 -0.9086 -0.4173
vn -0.0979 -0.7362 -0.6696
vn -0.0000 -0.3481 -0.9374
vn 0.4356 -0.7548 -0.4904
vn 0.2295 -0.7994 -0.5552
vn -0.0981 -0.7500 -0.6541
vn -0.5257 -0.7015 -0.4811
vn 0.4250 -0.8793 -0.2151
vn 0.2114 0.8902 0.4036
vn -0.1868 0.5409 0.8201
vn -0.0004 0.9093 0.4162
vn -0.1845 0.5411 0.8205
vn -0.0581 0.3520 0.9342
vn -0.0005 0.9093 0.4162
vn -0.4191 0.5856 0.6939
vn -0.2855 0.7576 0.5870
vn 0.2296 0.7976 0.5578
vn -0.5258 0.6997 0.4837
vn -0.2115 0.8902 0.4036
vn 0.0006 0.9093 0.4162
vn 0.1760 0.5387 0.8239
vn 0.0715 0.3522 0.9332
vn 0.4190 0.5855 0.6939
vn 0.2855 0.7584 0.5860
vn -0.2296 0.7992 0.5555
vn 0.2856 0.7702 0.5703
vn 0.5257 0.7015 0.4811
vn 0.7726 -0.4246 -0.4720
vn 0.9733 -0.1878 -0.1322
vn 0.8382 0.5359 0.1015
vn 0.8506 0.4278 0.3057
vn -0.7727 -0.4258 -0.4708
vn -0.8382 0.5358 0.1014
vn -0.9733 -0.1894 -0.1299
vn -0.8506 0.4296 0.3031
vn -0.6150 -0.7213 -0.3186
vn -0.7212 -0.6151 0.3186
vn -0.9651 -0.0000 -0.2618
vn -0.8705 -0.0000 0.4922
vn -0.7213 0.6150 0.3186
vn -0.6330 0.7529 -0.1800
vn 0.6151 -0.7213 -0.3186
vn 0.9651 -0.0000 -0.2618
vn 0.7213 -0.6150 0.3186
vn 0.8705 -0.0000 0.4922
vn 0.7213 0.6150 0.3186
vn 0.6329 0.7530 -0.1800
vn -0.0751 0.9449 0.3186
vn 0.0559 0.8786 -0.4743
vn 0.6330 0.7529 0.1800
vn 0.7213 0.6150 -0.3186
vn 0.0751 0.9449 0.3186
vn -0.0559 0.8786 -0.4743
vn -0.6330 0.7530 0.1800
vn -0.7213 0.6151 -0.3186
vn 0.8786 0.0559 0.4743
vn 0.9449 -0.0751 -0.3186
vn 0.6884 -0.5968 0.4122
vn 0.6330 -0.7530 -0.1800
vn -0.8786 0.0559 0.4743
vn -0.9449 -0.0751 -0.3186
vn -0.6883 -0.5969 0.4123
vn -0.6330 -0.7529 -0.1800
vn -0.0000 -0.9899 0.1419
vn -0.0000 -0.8400 -0.5426
vn 0.3664 0.2543 -0.8950
vn -0.0000 -0.2103 -0.9776
vn 0.0513 0.2839 -0.9575
vn -0.2543 -0.3664 -0.8950
vn -0.3243 0.4674 -0.8224
vn -0.4973 -0.0000 -0.8676
vn 0.3243 -0.4674 -0.8224
vn 0.4389 -0.0793 -0.8950
vn -0.3664 0.2543 -0.8950
vn -0.0513 0.2839 -0.9575
vn 0.2543 -0.3664 -0.8950
vn -0.3243 -0.4674 -0.8224
vn -0.4389 -0.0793 -0.8950
vn 0.3243 0.4674 -0.8224
vn 0.4973 -0.0000 -0.8676
vn 0.2909 -0.2018 0.9352
vn 0.2839 0.0513 0.9575
vn -0.2675 -0.0000 0.9636
vn -0.3664 0.2543 0.8950
vn -0.3664 -0.2543 0.8950
vn -0.0793 0.4389 0.8950
vn 0.3243 0.4674 0.8224
vn -0.0000 -0.5996 0.8003
vn -0.2909 -0.2018 0.9352
vn 0.2675 -0.0000 0.9636
vn -0.2839 0.0513 0.9575
vn 0.3664 0.2543 0.8950
vn 0.0793 0.4389 0.8950
vn -0.3243 0.4674 0.8224
vn 0.3664 -0.2543 0.8950
vn -0.5257 0.4870 -0.6974
vn -0.2297 0.5572 -0.7980
vn 0.2297 0.5572 -0.7979
vn 0.5257 0.4870 -0.6974
vn 0.2297 0.5572 -0.7980
vn -0.2297 0.5572 -0.7979
vn -0.5258 0.4870 -0.6974
vn -0.8506 -0.1324 0.5088
vn -0.9733 -0.0578 0.2223
vn -0.9733 0.1315 -0.1883
vn -0.8506 0.3010 -0.4311
vn 0.8506 -0.1324 0.5088
vn 0.9733 0.1315 -0.1883
vn 0.9733 -0.0579 0.2223
vn 0.8506 0.3010 -0.4311
vn 0.8506 0.3010 -0.4310
vn -0.8506 0.3010 -0.4310
vn -0.9733 -0.0579 0.2223
vn 0.5257 -0.2142 0.8232
vn 0.2297 -0.2451 0.9419
vn -0.2297 -0.2451 0.9419
vn -0.5257 -0.2143 0.8232
vn -0.5257 -0.2142 0.8232
vn 0.5257 -0.2143 0.8232
vn -0.8190 -0.5009 0.2799
vn -0.9524 -0.0172 0.3045
vn -0.9637 0.1176 -0.2398
vn -0.8153 0.5392 -0.2109
vn 0.8190 -0.5010 0.2799
vn 0.9637 0.1176 -0.2398
vn 0.9524 -0.0172 0.3045
vn 0.8153 0.5392 -0.2109
vn -0.6893 -0.6218 -0.3717
vn 0.3571 -0.9335 -0.0318
vn -0.1738 -0.8204 0.5447
vn 0.3098 -0.7119 0.6302
vn 0.6893 -0.6218 -0.3717
vn 0.1738 -0.8205 0.5446
vn -0.3571 -0.9335 -0.0318
vn -0.3098 -0.7119 0.6302
vn -0.1673 0.8969 -0.4094
vn 0.3004 0.8234 -0.4815
vn -0.4935 0.4601 -0.7380
vn 0.5972 -0.1525 -0.7874
vn 0.1673 0.8969 -0.4094
vn 0.4935 0.4601 -0.7380
vn -0.3003 0.8234 -0.4815
vn -0.5972 -0.1525 -0.7874
vn -0.4594 -0.1607 0.8736
vn 0.3904 0.3903 0.8338
vn 0.4594 -0.1607 0.8736
vn -0.3904 0.3903 0.8338
vn -0.5852 0.6954 0.4171
vn 0.2911 0.9500 0.1126
vn 0.5853 0.6954 0.4170
vn -0.2911 0.9500 0.1126
vn 0.8813 0.4567 0.1214
vn 0.8911 -0.3140 0.3277
vn 0.8867 0.3847 -0.2566
vn 0.9129 -0.4068 -0.0326
vn -0.8813 0.4567 0.1214
vn -0.8867 0.3847 -0.2566
vn -0.8911 -0.3140 0.3277
vn -0.9129 -0.4068 -0.0325
vn -0.8391 -0.4866 -0.2433
vn -0.9129 -0.1826 0.3651
vn -0.9129 0.1826 -0.3651
vn -0.8391 0.4866 0.2433
vn -0.0000 0.5257 -0.8506
vn -0.0000 -0.2297 -0.9733
vn -0.3652 0.1825 -0.9129
vn -0.2433 -0.4866 -0.8391
vn -0.3651 0.1825 -0.9129
vn -0.0000 0.2297 -0.9733
vn -0.0000 -0.5257 -0.8506
vn -0.0000 -0.8506 -0.5257
vn -0.0000 -0.9733 0.2297
vn -0.2142 -0.9530 -0.2142
vn -0.4083 -0.8165 0.4082
vn -0.2141 -0.9530 -0.2142
vn -0.0000 -0.9733 -0.2297
vn -0.0000 -0.8506 0.5257
vn -0.0000 -0.5257 0.8506
vn -0.0000 0.2297 0.9733
vn -0.3652 -0.1825 0.9129
vn -0.2433 0.4866 0.8391
vn -0.3651 -0.1825 0.9129
vn -0.0000 -0.2297 0.9733
vn -0.0000 0.5257 0.8506
vn -0.0000 0.8506 0.5257
vn -0.0000 0.9733 -0.2297
vn -0.2142 0.9530 0.2142
vn -0.4083 0.8165 -0.4082
vn -0.2141 0.9530 0.2142
vn -0.0000 0.9733 0.2297
vn -0.0000 0.8506 -0.5257
vn 0.0757 -0.9472 0.3114
vn -0.6339 -0.7546 0.1697
vn -0.0034 -0.9961 -0.0880
vn -0.7068 -0.7019 -0.0880
vn -0.0540 -0.9240 -0.3786
vn 0.7019 -0.7068 -0.0880
vn 0.6152 -0.6915 -0.3786
vn 0.7233 -0.6163 0.3115
vn -0.6915 -0.6152 -0.3786
vn -0.1607 -0.3879 -0.9076
vn 0.1606 -0.3879 -0.9076
vn -0.8802 -0.0564 0.4712
vn -0.9961 0.0034 -0.0880
vn -0.6903 0.5979 0.4075
vn -0.9240 0.0540 -0.3786
vn -0.7019 0.7068 -0.0880
vn -0.3879 -0.1606 -0.9076
vn -0.6152 0.6915 -0.3786
vn -0.3879 0.1607 -0.9076
vn -0.0853 0.9818 0.1697
vn 0.0034 0.9961 -0.0880
vn 0.6163 0.7233 0.3115
vn 0.0540 0.9240 -0.3786
vn 0.7068 0.7019 -0.0880
vn 0.6915 0.6152 -0.3786
vn 0.9108 0.0653 0.4075
vn 0.9961 -0.0034 -0.0880
vn 0.9240 -0.0540 -0.3786
vn 0.3879 0.1606 -0.9076
vn 0.3879 -0.1607 -0.9076
vn -0.1606 0.3879 -0.9076
vn 0.1607 0.3879 -0.9076
vn 0.3719 -0.2582 0.8917
vn 0.3531 0.0638 0.9334
vn -0.2873 -0.0519 0.9564
vn -0.2948 0.2046 0.9334
vn 0.0804 -0.4455 0.8917
vn -0.3292 -0.4743 0.8165
vn 0.2581 0.3719 0.8917
vn -0.1026 0.5682 0.8165
vn -0.2721 -0.8497 -0.4516
vn -0.5100 -0.8005 0.3148
vn -0.6993 -0.4961 -0.5147
vn -0.9480 -0.2373 0.2122
vn 0.9480 0.2373 0.2122
vn 0.6993 0.4961 -0.5147
vn 0.5100 0.8005 0.3148
vn 0.2721 0.8497 -0.4516
vn -0.2495 0.3714 -0.8943
vn 0.2495 -0.3715 -0.8943
vn 0.6104 -0.7258 -0.3172
vn 0.6533 -0.6533 0.3826
vn 0.4473 -0.8738 -0.1908
vn 0.2822 -0.8928 0.3511
vn 0.8278 -0.5295 0.1852
vn 0.9133 -0.2197 -0.3429
vn 0.2706 -0.2706 0.9239
vn -0.2706 0.2706 0.9239
vn -0.1338 -0.4363 0.8898
vn -0.5357 0.1879 0.8232
vn 0.1338 0.4363 0.8898
vn 0.5357 -0.1879 0.8232
vn -0.6533 0.6533 0.3827
vn -0.6104 0.7258 -0.3172
vn -0.8278 0.5295 0.1852
vn -0.9133 0.2197 -0.3429
vn -0.4473 0.8738 -0.1908
vn -0.2822 0.8928 0.3511
vn 0.8928 0.2823 0.3511
vn 0.8738 0.4474 -0.1908
vn 0.6533 0.6533 0.3826
vn 0.7258 0.6104 -0.3172
vn 0.5295 0.8278 0.1852
vn 0.2197 0.9133 -0.3429
vn -0.1879 -0.5357 0.8232
vn 0.4363 -0.1338 0.8898
vn -0.2706 -0.2706 0.9239
vn 0.2706 0.2706 0.9239
vn -0.4363 0.1338 0.8898
vn 0.1879 0.5357 0.8232
vn -0.2197 -0.9133 -0.3429
vn -0.5295 -0.8278 0.1852
vn -0.7258 -0.6104 -0.3172
vn -0.6533 -0.6533 0.3827
vn -0.8738 -0.4473 -0.1908
vn -0.8928 -0.2822 0.3511
vn 0.8497 -0.2721 -0.4516
vn 0.4961 -0.6993 -0.5147
vn 0.3715 0.2495 -0.8943
vn -0.3715 -0.2495 -0.8943
vn -0.4961 0.6993 -0.5147
vn -0.8497 0.2721 -0.4516
vn 0.2373 -0.9480 0.2122
vn 0.8005 -0.5100 0.3148
vn -0.8005 0.5100 0.3148
vn -0.2373 0.9480 0.2122
vt 0.382185 0.327926
vt 0.398799 0.000089
vt 0.414311 0.328826
vt 0.413306 0.001043
vt 0.427808 0.000000
vt 0.446430 0.327729
vt 0.415052 0.570890
vt 0.372129 0.570023
vt 0.457969 0.569760
vt 0.415484 0.711805
vt 0.372491 0.710938
vt 0.415757 0.800880
vt 0.458471 0.710674
vt 0.372741 0.800014
vt 0.458766 0.799749
vt 0.340989 0.002022
vt 0.359575 0.317868
vt 0.326478 0.000000
vt 0.327446 0.315900
vt 0.311980 0.002111
vt 0.295330 0.318066
vt 0.371040 0.535655
vt 0.328113 0.533720
vt 0.285199 0.535919
vt 0.371550 0.679196
vt 0.328553 0.677262
vt 0.285569 0.679460
vt 0.371839 0.766438
vt 0.328820 0.764504
vt 0.285814 0.766702
vt 0.372129 0.853658
vt 0.329087 0.851724
vt 0.286059 0.853923
vt 0.367846 0.908354
vt 0.329255 0.906406
vt 0.290677 0.908591
vt 0.340130 0.936832
vt 0.329347 0.936281
vt 0.318566 0.936899
vt 0.623790 0.209401
vt 0.697611 0.209175
vt 0.622925 0.252480
vt 0.696746 0.252275
vt 0.622661 0.166329
vt 0.696481 0.166080
vt 0.805977 0.200232
vt 0.767752 0.200350
vt 0.795805 0.157165
vt 0.757594 0.161740
vt 0.796069 0.243361
vt 0.757831 0.239021
vt 0.698726 0.204717
vt 0.757594 0.204536
vt 0.697847 0.243361
vt 0.757401 0.215335
vt 0.697611 0.166080
vt 0.757335 0.193739
vt 0.756359 0.952044
vt 0.756281 0.926662
vt 0.770895 0.962318
vt 0.770762 0.918846
vt 0.785368 0.951955
vt 0.785291 0.926573
vt 0.162707 0.000000
vt 0.188161 0.000547
vt 0.152869 0.328340
vt 0.214534 0.327430
vt 0.142600 0.555605
vt 0.285199 0.564952
vt 0.143352 0.703425
vt 0.282952 0.706428
vt 0.143048 0.793460
vt 0.275539 0.796310
vt 0.142661 0.883492
vt 0.244163 0.872806
vt 0.020110 0.965744
vt 0.010271 0.637411
vt 0.045565 0.965197
vt 0.071935 0.638321
vt 0.000000 0.410149
vt 0.142600 0.400802
vt 0.000752 0.262328
vt 0.140351 0.259325
vt 0.000447 0.172293
vt 0.132938 0.169443
vt 0.000059 0.082260
vt 0.101562 0.092946
vt 0.148355 0.938410
vt 0.212274 0.904558
vt 0.158132 0.965020
vt 0.191504 0.965738
vt 0.005753 0.027341
vt 0.069672 0.061193
vt 0.015529 0.000718
vt 0.048901 0.000000
vt 0.805604 0.243361
vt 0.805643 0.255913
vt 0.797820 0.243385
vt 0.797858 0.255937
vt 0.805681 0.268465
vt 0.797897 0.268489
vt 0.975865 0.704376
vt 0.975904 0.716927
vt 0.959030 0.704427
vt 0.959069 0.716979
vt 0.975827 0.691824
vt 0.958992 0.691875
vt 0.574428 0.929104
vt 0.561894 0.929142
vt 0.574340 0.900292
vt 0.561806 0.900330
vt 0.574221 0.861637
vt 0.549361 0.929181
vt 0.549273 0.900369
vt 0.561688 0.861676
vt 0.549154 0.861714
vt 0.907747 0.932294
vt 0.920280 0.932255
vt 0.907828 0.958650
vt 0.920361 0.958611
vt 0.932814 0.932217
vt 0.932895 0.958573
vt 0.920157 0.891866
vt 0.907623 0.891905
vt 0.932690 0.891828
vt 0.885614 0.936781
vt 0.907623 0.936848
vt 0.897016 0.963537
vt 0.905040 0.963561
vt 0.902642 0.896752
vt 0.885731 0.896700
vt 0.932895 0.918609
vt 0.944296 0.891852
vt 0.954903 0.918541
vt 0.952320 0.891828
vt 0.949922 0.958638
vt 0.933011 0.958690
vt 0.968912 0.845709
vt 0.955082 0.845752
vt 0.966309 0.836185
vt 0.956271 0.836216
vt 0.955138 0.864013
vt 0.943854 0.845786
vt 0.943910 0.864048
vt 0.968968 0.863971
vt 0.969024 0.882232
vt 0.955194 0.882275
vt 0.943966 0.882309
vt 0.966479 0.891772
vt 0.956441 0.891803
vt 0.948292 0.891828
vt 0.948122 0.836241
vt 0.968766 0.759584
vt 0.954894 0.759626
vt 0.966259 0.750059
vt 0.956191 0.750090
vt 0.954950 0.777888
vt 0.943854 0.759660
vt 0.943910 0.777922
vt 0.968822 0.777845
vt 0.968878 0.796107
vt 0.955006 0.796149
vt 0.943966 0.796183
vt 0.966430 0.805646
vt 0.956361 0.805677
vt 0.948348 0.805701
vt 0.948178 0.750115
vt 0.841616 0.942831
vt 0.854986 0.942790
vt 0.844831 0.952353
vt 0.854535 0.952324
vt 0.854930 0.924529
vt 0.867330 0.942752
vt 0.867275 0.924491
vt 0.841560 0.924570
vt 0.841504 0.906308
vt 0.854874 0.906267
vt 0.867219 0.906229
vt 0.844661 0.896767
vt 0.854365 0.896737
vt 0.863324 0.896710
vt 0.863495 0.952296
vt 0.936644 0.218528
vt 0.950017 0.218487
vt 0.939858 0.228050
vt 0.949563 0.228020
vt 0.949961 0.200225
vt 0.962358 0.218449
vt 0.962302 0.200187
vt 0.936589 0.200266
vt 0.936532 0.182005
vt 0.949905 0.181964
vt 0.962246 0.181926
vt 0.939687 0.172463
vt 0.949393 0.172433
vt 0.958350 0.172406
vt 0.958520 0.227992
vt 0.806520 0.950816
vt 0.816666 0.950815
vt 0.806521 0.975349
vt 0.816667 0.975348
vt 0.799346 0.968165
vt 0.799346 0.958003
vt 0.823841 0.957999
vt 0.823841 0.968161
vt 0.934119 0.257207
vt 0.934120 0.232674
vt 0.944266 0.257208
vt 0.944266 0.232676
vt 0.951440 0.250024
vt 0.951440 0.239862
vt 0.926945 0.239859
vt 0.926945 0.250020
vt 0.347839 0.967026
vt 0.348330 0.951988
vt 0.365299 0.966973
vt 0.365790 0.951934
vt 0.371725 0.964591
vt 0.347747 0.936952
vt 0.365207 0.936899
vt 0.372129 0.951914
vt 0.371647 0.939241
vt 0.773444 0.256958
vt 0.773564 0.243361
vt 0.790983 0.257012
vt 0.791104 0.243415
vt 0.797721 0.256995
vt 0.791025 0.270483
vt 0.797755 0.268115
vt 0.773486 0.270429
vt 0.797820 0.245771
vt 0.749068 0.256888
vt 0.766607 0.256834
vt 0.749188 0.270483
vt 0.766728 0.270429
vt 0.773344 0.256850
vt 0.766649 0.243361
vt 0.773379 0.245728
vt 0.749110 0.243415
vt 0.773444 0.268072
vt 0.627958 0.939116
vt 0.629273 0.924075
vt 0.644972 0.939064
vt 0.646288 0.924023
vt 0.629365 0.954149
vt 0.646380 0.954097
vt 0.652272 0.939042
vt 0.653357 0.926363
vt 0.653435 0.951713
vt 0.531528 0.932855
vt 0.531544 0.946341
vt 0.502021 0.943633
vt 0.510679 0.953962
vt 0.522870 0.922526
vt 0.502005 0.930147
vt 0.522695 0.954499
vt 0.510854 0.921988
vt 0.920139 0.137807
vt 0.930768 0.139007
vt 0.923017 0.156084
vt 0.930713 0.156953
vt 0.930803 0.127379
vt 0.941403 0.137872
vt 0.937086 0.126709
vt 0.924524 0.126670
vt 0.938413 0.156131
vt 0.943854 0.824847
vt 0.946732 0.806570
vt 0.954483 0.823647
vt 0.954428 0.805701
vt 0.954518 0.835275
vt 0.965118 0.824782
vt 0.960801 0.835945
vt 0.948239 0.835984
vt 0.962128 0.806523
vt 0.372129 0.952963
vt 0.382696 0.952947
vt 0.375042 0.972753
vt 0.382693 0.972742
vt 0.382819 0.942649
vt 0.393391 0.953028
vt 0.389137 0.942697
vt 0.376576 0.942659
vt 0.390436 0.972800
vt 0.326485 0.956737
vt 0.329397 0.936946
vt 0.337052 0.956754
vt 0.337048 0.936958
vt 0.337175 0.967050
vt 0.347747 0.956672
vt 0.343492 0.967001
vt 0.330932 0.967039
vt 0.344792 0.936899
vt 0.416808 0.957754
vt 0.427441 0.957362
vt 0.419681 0.977704
vt 0.427380 0.977420
vt 0.427471 0.947638
vt 0.438072 0.957819
vt 0.433751 0.947908
vt 0.421189 0.947869
vt 0.435077 0.977751
vt 0.953142 0.589174
vt 0.956015 0.569224
vt 0.963775 0.589567
vt 0.963714 0.569508
vt 0.963805 0.599291
vt 0.974406 0.589109
vt 0.970085 0.599020
vt 0.957523 0.599059
vt 0.971411 0.569177
vt 0.306462 0.956672
vt 0.295767 0.956754
vt 0.303506 0.936899
vt 0.295763 0.936958
vt 0.295889 0.967050
vt 0.285199 0.956737
vt 0.289646 0.967039
vt 0.302207 0.967001
vt 0.288112 0.936946
vt 0.414653 0.953028
vt 0.411698 0.972800
vt 0.403958 0.952947
vt 0.403955 0.972742
vt 0.404081 0.942649
vt 0.393391 0.952963
vt 0.397838 0.942659
vt 0.410399 0.942697
vt 0.396304 0.972753
vt 0.575094 0.257501
vt 0.575104 0.264280
vt 0.559104 0.257179
vt 0.559114 0.263958
vt 0.563781 0.252480
vt 0.570428 0.268979
vt 0.563805 0.268845
vt 0.570404 0.252613
vt 0.559094 0.263958
vt 0.543104 0.264280
vt 0.543114 0.257501
vt 0.554428 0.252480
vt 0.547781 0.268979
vt 0.554404 0.268845
vt 0.547805 0.252613
vt 0.295092 0.967050
vt 0.295079 0.988961
vt 0.285212 0.967248
vt 0.285199 0.989159
vt 0.963023 0.370085
vt 0.953144 0.369886
vt 0.963010 0.348174
vt 0.953131 0.347976
vt 0.297320 0.989751
vt 0.297302 0.968380
vt 0.306462 0.988421
vt 0.306444 0.967050
vt 0.959009 0.727358
vt 0.968151 0.728688
vt 0.958992 0.748729
vt 0.968134 0.750059
vt 0.347747 0.967423
vt 0.347724 0.988446
vt 0.337722 0.967050
vt 0.337699 0.988073
vt 0.336532 0.988073
vt 0.326507 0.988446
vt 0.336510 0.967050
vt 0.326485 0.967423
vt 0.360940 0.988642
vt 0.360934 0.967026
vt 0.372129 0.989384
vt 0.372123 0.967768
vt 0.347753 0.967768
vt 0.358942 0.967026
vt 0.347747 0.989384
vt 0.358936 0.988642
vt 0.886349 0.895189
vt 0.867414 0.896700
vt 0.890279 0.865696
vt 0.871896 0.862994
vt 0.907623 0.746813
vt 0.889239 0.744110
vt 0.885683 0.611011
vt 0.867330 0.608291
vt 0.846054 0.609801
vt 0.849986 0.639304
vt 0.827119 0.608291
vt 0.831603 0.642010
vt 0.867330 0.758188
vt 0.848947 0.760894
vt 0.845391 0.893987
vt 0.827039 0.896710
vt 0.657359 0.554496
vt 0.657771 0.420151
vt 0.681332 0.554570
vt 0.690204 0.420250
vt 0.633386 0.554422
vt 0.625337 0.420051
vt 0.658137 0.300500
vt 0.690613 0.300599
vt 0.658229 0.270587
vt 0.625662 0.300400
vt 0.665382 0.270609
vt 0.651075 0.270565
vt 0.737904 0.958155
vt 0.719532 0.963760
vt 0.737831 0.934147
vt 0.719442 0.934204
vt 0.737757 0.910139
vt 0.719351 0.904648
vt 0.884656 0.219048
vt 0.884466 0.157165
vt 0.900301 0.211583
vt 0.900143 0.160032
vt 0.868988 0.219096
vt 0.868798 0.157213
vt 0.853139 0.160177
vt 0.853297 0.211728
vt 0.837493 0.157213
vt 0.853139 0.164678
vt 0.837304 0.219096
vt 0.852981 0.216229
vt 0.821825 0.157165
vt 0.821636 0.219048
vt 0.805977 0.216085
vt 0.806135 0.164534
vt 0.533311 0.921988
vt 0.533496 0.861686
vt 0.549010 0.912141
vt 0.549154 0.864994
vt 0.517828 0.861637
vt 0.517643 0.921940
vt 0.502150 0.864849
vt 0.502005 0.911996
vt 0.609495 0.860771
vt 0.625193 0.870618
vt 0.609679 0.921074
vt 0.625337 0.917766
vt 0.594011 0.921122
vt 0.593827 0.860819
vt 0.578333 0.917910
vt 0.578189 0.870763
vt 0.769288 0.153860
vt 0.717594 0.155131
vt 0.769045 0.000000
vt 0.720529 0.001193
vt 0.553699 0.707778
vt 0.553458 0.861637
vt 0.502005 0.706507
vt 0.504941 0.860445
vt 0.872434 0.155130
vt 0.823917 0.153937
vt 0.872675 0.001271
vt 0.820981 0.000000
vt 0.820739 0.000000
vt 0.820981 0.153860
vt 0.772223 0.001193
vt 0.769288 0.155131
vt 0.769692 0.764690
vt 0.785368 0.762038
vt 0.769220 0.918846
vt 0.784908 0.912151
vt 0.753552 0.918797
vt 0.754024 0.764642
vt 0.737904 0.912007
vt 0.738364 0.761893
vt 0.904463 0.154156
vt 0.903991 0.000000
vt 0.920139 0.156808
vt 0.919679 0.006695
vt 0.888795 0.154204
vt 0.888323 0.000048
vt 0.872675 0.006839
vt 0.873135 0.156953
vt 0.704132 0.719938
vt 0.719816 0.725228
vt 0.704619 0.879051
vt 0.720286 0.878679
vt 0.688951 0.879099
vt 0.688464 0.719986
vt 0.673282 0.878823
vt 0.672812 0.725373
vt 0.656657 0.879099
vt 0.657145 0.719986
vt 0.672342 0.873808
vt 0.672812 0.720358
vt 0.641477 0.719938
vt 0.640989 0.879050
vt 0.625808 0.720214
vt 0.625337 0.873664
vt 0.782471 0.676402
vt 0.737904 0.679144
vt 0.758297 0.435933
vt 0.738020 0.437181
vt 0.742342 0.729395
vt 0.780764 0.727031
vt 0.754848 0.761893
vt 0.766055 0.761204
vt 0.827039 0.356065
vt 0.802866 0.596531
vt 0.782471 0.353323
vt 0.782589 0.595283
vt 0.786909 0.303068
vt 0.825331 0.305432
vt 0.799415 0.270565
vt 0.810622 0.271255
vt 0.700504 0.975866
vt 0.678818 0.975800
vt 0.693149 0.951880
vt 0.682256 0.951847
vt 0.973127 0.233188
vt 0.965771 0.257175
vt 0.951440 0.233255
vt 0.954879 0.257208
vt 0.594139 0.941471
vt 0.594077 0.921217
vt 0.625337 0.952468
vt 0.625241 0.921122
vt 0.895747 0.243672
vt 0.926945 0.232674
vt 0.895685 0.263925
vt 0.926849 0.264021
vt 0.790023 0.825664
vt 0.785644 0.596818
vt 0.827039 0.825323
vt 0.816807 0.596531
vt 0.820263 0.874429
vt 0.788450 0.874722
vt 0.809632 0.909409
vt 0.785827 0.922991
vt 0.872916 0.367892
vt 0.909932 0.368233
vt 0.868537 0.596738
vt 0.899700 0.597025
vt 0.903157 0.319127
vt 0.871344 0.318834
vt 0.892526 0.284147
vt 0.868721 0.270565
vt 0.583839 0.859409
vt 0.588332 0.618226
vt 0.614992 0.860771
vt 0.625337 0.619641
vt 0.586766 0.568404
vt 0.618569 0.569772
vt 0.584116 0.523045
vt 0.607908 0.538131
vt 0.827039 0.271926
vt 0.858192 0.270565
vt 0.831531 0.513110
vt 0.868537 0.511695
vt 0.829966 0.562931
vt 0.861769 0.561564
vt 0.827316 0.608291
vt 0.851107 0.593205
vt 0.566832 0.523075
vt 0.566326 0.688161
vt 0.557181 0.523045
vt 0.556676 0.688131
vt 0.951910 0.165086
vt 0.942259 0.165116
vt 0.951404 0.000000
vt 0.941754 0.000030
vt 0.994778 0.179911
vt 0.994852 0.345010
vt 0.991180 0.179956
vt 0.991254 0.345054
vt 0.720794 0.719712
vt 0.717196 0.719668
vt 0.720867 0.554614
vt 0.717270 0.554570
vt 0.695216 0.554636
vt 0.695722 0.719722
vt 0.644437 0.554792
vt 0.625337 0.719938
vt 0.717196 0.719656
vt 0.716690 0.554570
vt 0.760491 0.435867
vt 0.709712 0.435711
vt 0.760997 0.270781
vt 0.690613 0.270565
vt 0.782471 0.270847
vt 0.781966 0.435933
vt 0.532019 0.706442
vt 0.532525 0.541356
vt 0.553193 0.706507
vt 0.553699 0.541421
vt 0.458766 0.541130
vt 0.478496 0.706278
vt 0.695913 0.000065
vt 0.717088 0.000000
vt 0.696419 0.165151
vt 0.717594 0.165086
vt 0.622661 0.165378
vt 0.642391 0.000229
vt 0.958992 0.657645
vt 0.943854 0.657598
vt 0.947621 0.604879
vt 0.944007 0.604868
vt 0.946563 0.679145
vt 0.956511 0.679175
vt 0.925070 0.429292
vt 0.913700 0.482058
vt 0.909932 0.429339
vt 0.910085 0.482069
vt 0.912640 0.407792
vt 0.922588 0.407762
vt 0.604668 0.254798
vt 0.604637 0.264760
vt 0.589935 0.252480
vt 0.589888 0.267640
vt 0.589888 0.265322
vt 0.575151 0.267640
vt 0.589858 0.255359
vt 0.575104 0.252480
vt 0.326485 0.976245
vt 0.312026 0.971755
vt 0.326418 0.937971
vt 0.322966 0.936899
vt 0.975038 0.092470
vt 0.974970 0.130741
vt 0.960579 0.096960
vt 0.971518 0.131813
vt 0.874263 0.956988
vt 0.870649 0.956999
vt 0.885614 0.896700
vt 0.870476 0.896746
vt 0.947640 0.689772
vt 0.958992 0.750059
vt 0.944026 0.689760
vt 0.943854 0.750013
vt 0.560259 0.512979
vt 0.543161 0.406342
vt 0.597603 0.523045
vt 0.604164 0.406366
vt 0.612126 0.512819
vt 0.625337 0.406053
vt 0.604134 0.396784
vt 0.625309 0.396719
vt 0.604105 0.387201
vt 0.625280 0.387384
vt 0.611414 0.280701
vt 0.596830 0.270565
vt 0.559548 0.280861
vt 0.543104 0.387600
vt 0.609160 0.010135
vt 0.622604 0.116819
vt 0.594069 0.000000
vt 0.601129 0.116636
vt 0.559025 0.010289
vt 0.543104 0.117027
vt 0.622632 0.126153
vt 0.601158 0.126219
vt 0.622661 0.135488
vt 0.601187 0.135802
vt 0.594842 0.252480
vt 0.559736 0.242407
vt 0.543162 0.135768
vt 0.609871 0.242253
vt 0.999981 0.486085
vt 1.000000 0.592786
vt 0.996384 0.486141
vt 0.996402 0.592842
vt 0.724465 0.661326
vt 0.720867 0.661271
vt 0.724484 0.554625
vt 0.720886 0.554570
vt 0.737193 0.435933
vt 0.734212 0.542668
vt 0.727543 0.435963
vt 0.724561 0.542697
vt 0.734240 0.552002
vt 0.724590 0.552032
vt 0.734269 0.561337
vt 0.724619 0.561367
vt 0.728254 0.668081
vt 0.737904 0.668051
vt 0.419158 0.800880
vt 0.458766 0.856455
vt 0.416873 0.806275
vt 0.452040 0.855618
vt 0.419524 0.947638
vt 0.416808 0.943964
vt 0.461118 0.853266
vt 0.458832 0.847872
vt 0.500726 0.797691
vt 0.493999 0.798528
vt 0.461484 0.706507
vt 0.458766 0.710183
vt 0.458766 0.486936
vt 0.471002 0.352144
vt 0.543104 0.541130
vt 0.543040 0.398434
vt 0.492048 0.270565
vt 0.542997 0.303303
vt 0.458766 0.054194
vt 0.543104 0.000000
vt 0.471003 0.188986
vt 0.543041 0.142696
vt 0.492050 0.270565
vt 0.542998 0.237826
vt 0.575336 0.523361
vt 0.575721 0.648831
vt 0.566832 0.523097
vt 0.570245 0.648557
vt 0.583839 0.523045
vt 0.581194 0.648524
vt 0.575987 0.735931
vt 0.572516 0.730727
vt 0.579427 0.730705
vt 0.729811 0.803262
vt 0.729397 0.668081
vt 0.735289 0.804372
vt 0.737904 0.669182
vt 0.724340 0.804406
vt 0.720897 0.669234
vt 0.953189 0.482069
vt 0.953160 0.472486
vt 0.968259 0.482023
vt 0.968230 0.472440
vt 0.953131 0.462903
vt 0.968200 0.462857
vt 0.918797 0.404543
vt 0.918739 0.385548
vt 0.925950 0.404521
vt 0.927545 0.385521
vt 0.911643 0.404565
vt 0.909932 0.385575
vt 0.805977 0.250862
vt 0.805979 0.232254
vt 0.837695 0.219097
vt 0.819117 0.219096
vt 0.850831 0.232256
vt 0.819112 0.264020
vt 0.850828 0.250864
vt 0.837690 0.264021
vt 0.672812 0.892258
vt 0.704531 0.924022
vt 0.672814 0.910866
vt 0.685952 0.924023
vt 0.717666 0.910864
vt 0.685947 0.879099
vt 0.717663 0.892256
vt 0.704525 0.879099
vt 0.121427 0.984152
vt 0.121483 0.965744
vt 0.131933 0.984184
vt 0.131989 0.965777
vt 0.131887 0.999128
vt 0.121381 0.999095
vt 0.024835 0.980720
vt 0.035341 0.980688
vt 0.024892 0.999128
vt 0.035398 0.999095
vt 0.035296 0.965744
vt 0.024790 0.965777
vt 0.121325 0.980438
vt 0.121381 0.998902
vt 0.110819 0.980471
vt 0.110875 0.998934
vt 0.110774 0.965777
vt 0.121279 0.965744
vt 0.045949 0.984240
vt 0.035443 0.984208
vt 0.046005 0.965777
vt 0.035499 0.965744
vt 0.035398 0.998902
vt 0.045904 0.998934
vt 0.983402 0.364549
vt 0.983347 0.346754
vt 0.993908 0.364517
vt 0.993853 0.346722
vt 0.993958 0.380947
vt 0.983452 0.380979
vt 0.186037 0.982168
vt 0.196543 0.982200
vt 0.185982 0.999963
vt 0.196488 0.999996
vt 0.196593 0.965771
vt 0.186087 0.965738
vt 0.024739 0.982202
vt 0.024685 1.000000
vt 0.014234 0.982170
vt 0.014179 0.999968
vt 0.014284 0.965744
vt 0.142549 0.983542
vt 0.132044 0.983575
vt 0.142495 0.965744
vt 0.132094 1.000000
vt 0.142600 0.999968
vt 0.659677 0.924022
vt 0.627958 0.892258
vt 0.672812 0.910864
vt 0.641093 0.879099
vt 0.659671 0.879099
vt 0.672809 0.892256
vt 0.641098 0.924023
vt 0.627960 0.910866
vt 0.882549 0.219097
vt 0.895685 0.232256
vt 0.850831 0.250862
vt 0.863966 0.264020
vt 0.863971 0.219096
vt 0.850833 0.232254
vt 0.882544 0.264021
vt 0.895683 0.250864
vt 0.741533 0.269129
vt 0.730877 0.269130
vt 0.723339 0.250909
vt 0.723340 0.261583
vt 0.749068 0.261582
vt 0.730873 0.243361
vt 0.741530 0.243361
vt 0.749066 0.250908
vt 0.715805 0.243361
vt 0.697611 0.261582
vt 0.705148 0.243361
vt 0.697612 0.250908
vt 0.705145 0.269129
vt 0.715802 0.269130
vt 0.723338 0.261583
vt 0.972222 0.482221
vt 0.972193 0.472799
vt 0.975721 0.482210
vt 0.975692 0.472789
vt 0.979221 0.482200
vt 0.979192 0.472778
vt 0.972162 0.462590
vt 0.975661 0.462580
vt 0.979161 0.462569
vt 0.947905 0.978343
vt 0.947876 0.968919
vt 0.951404 0.978332
vt 0.951375 0.968908
vt 0.954903 0.978321
vt 0.954875 0.968897
vt 0.947845 0.958711
vt 0.951344 0.958701
vt 0.954843 0.958690
vt 0.986220 0.462569
vt 0.986245 0.470997
vt 0.982720 0.462580
vt 0.982746 0.471008
vt 0.979221 0.462590
vt 0.979247 0.471019
vt 0.986278 0.481588
vt 0.982778 0.481599
vt 0.979279 0.481610
vt 0.081349 0.965744
vt 0.081375 0.974316
vt 0.077850 0.965755
vt 0.077876 0.974327
vt 0.074350 0.965766
vt 0.074377 0.974338
vt 0.081408 0.984875
vt 0.077908 0.984885
vt 0.074409 0.984896
vt 0.554785 0.694585
vt 0.554777 0.690800
vt 0.563499 0.694713
vt 0.563492 0.690928
vt 0.560952 0.697352
vt 0.557342 0.697299
vt 0.557325 0.688161
vt 0.560934 0.688214
vt 0.712216 0.544464
vt 0.720930 0.544335
vt 0.712209 0.548249
vt 0.720923 0.548121
vt 0.714756 0.550888
vt 0.718365 0.550835
vt 0.718383 0.541696
vt 0.714774 0.541750
vt 0.992687 0.562188
vt 0.996384 0.561552
vt 0.991191 0.592842
vt 0.994888 0.592206
vt 0.995064 0.487598
vt 0.991368 0.488234
vt 0.993135 0.036175
vt 0.991642 0.005517
vt 0.996831 0.036811
vt 0.995339 0.006153
vt 0.995509 0.110769
vt 0.991813 0.110133
vt 0.994452 0.965925
vt 0.997481 0.965782
vt 0.992957 0.996578
vt 0.995985 0.996436
vt 0.996162 0.891828
vt 0.993133 0.891971
vt 0.996344 0.210569
vt 0.994852 0.179911
vt 0.999372 0.210713
vt 0.997880 0.180055
vt 0.998050 0.284671
vt 0.995022 0.284527
vt 0.730365 0.834894
vt 0.726615 0.835183
vt 0.734929 0.805305
vt 0.731180 0.805594
vt 0.737823 0.804406
vt 0.731261 0.904648
vt 0.735010 0.904358
vt 0.733259 0.833994
vt 0.737904 0.903459
vt 0.715958 0.505687
vt 0.720522 0.535275
vt 0.712209 0.505398
vt 0.716773 0.534986
vt 0.716854 0.435933
vt 0.723416 0.536175
vt 0.720603 0.436222
vt 0.718852 0.506587
vt 0.723497 0.437122
vt 0.559012 0.737855
vt 0.555343 0.737185
vt 0.557369 0.707177
vt 0.553699 0.706507
vt 0.560476 0.707350
vt 0.553810 0.811136
vt 0.557479 0.811806
vt 0.562120 0.738028
vt 0.560587 0.811979
vt 0.413670 0.875009
vt 0.412030 0.905691
vt 0.410001 0.875678
vt 0.408361 0.906360
vt 0.408464 0.801723
vt 0.415137 0.905517
vt 0.412134 0.801054
vt 0.416778 0.874836
vt 0.415241 0.800880
vt 0.954680 0.065108
vt 0.958440 0.065416
vt 0.959343 0.092163
vt 0.963103 0.092470
vt 0.963015 0.001640
vt 0.959256 0.001333
vt 0.951910 0.063775
vt 0.956485 0.000000
vt 0.955901 0.397448
vt 0.960564 0.370393
vt 0.959661 0.397140
vt 0.964323 0.370085
vt 0.964236 0.460915
vt 0.960477 0.461223
vt 0.953131 0.398780
vt 0.957706 0.462555
vt 0.653437 0.924225
vt 0.657178 0.924023
vt 0.653435 0.945852
vt 0.657177 0.945650
vt 0.965120 0.835782
vt 0.965118 0.814155
vt 0.968862 0.835984
vt 0.968860 0.814357
vt 0.700563 0.960033
vt 0.700504 0.924023
vt 0.708956 0.963513
vt 0.715252 0.930138
vt 0.531602 0.925469
vt 0.539996 0.921988
vt 0.531544 0.961479
vt 0.546291 0.955364
vt 0.560918 0.846427
vt 0.553699 0.846404
vt 0.561024 0.812001
vt 0.553805 0.811979
vt 0.416672 0.906360
vt 0.416778 0.940786
vt 0.409453 0.906382
vt 0.409558 0.940808
vt 0.689771 0.255428
vt 0.696990 0.255451
vt 0.689744 0.264203
vt 0.696963 0.264225
vt 0.554804 0.706149
vt 0.554777 0.697375
vt 0.562023 0.706126
vt 0.561997 0.697352
vt 0.831164 0.984758
vt 0.823945 0.984781
vt 0.831060 0.950815
vt 0.823841 0.950837
vt 0.448008 0.947660
vt 0.447904 0.981603
vt 0.440789 0.947638
vt 0.440685 0.981581
vt 0.658064 0.963513
vt 0.658122 0.927503
vt 0.672812 0.957398
vt 0.666516 0.924023
vt 0.485850 0.924150
vt 0.500598 0.930265
vt 0.485908 0.960160
vt 0.494302 0.963641
vt 0.498289 0.902301
vt 0.498240 0.886159
vt 0.500726 0.902479
vt 0.500677 0.886336
vt 0.495853 0.902494
vt 0.495803 0.886351
vt 0.498232 0.883684
vt 0.500403 0.883807
vt 0.496062 0.883820
vt 0.498139 0.853266
vt 0.500360 0.853396
vt 0.495918 0.853410
vt 0.827061 0.947529
vt 0.827039 0.930864
vt 0.828889 0.947522
vt 0.828867 0.930857
vt 0.830740 0.947499
vt 0.827585 0.928108
vt 0.830718 0.930834
vt 0.828871 0.928103
vt 0.827470 0.896731
vt 0.828827 0.896727
vt 0.830172 0.928087
vt 0.830201 0.896710
vt 0.715275 0.924023
vt 0.717103 0.924030
vt 0.715252 0.940688
vt 0.717081 0.940695
vt 0.715798 0.943444
vt 0.718954 0.924052
vt 0.718932 0.940718
vt 0.717084 0.943448
vt 0.715684 0.974820
vt 0.717041 0.974825
vt 0.718386 0.943465
vt 0.718415 0.974842
vt 0.720948 0.855086
vt 0.720897 0.838474
vt 0.723385 0.855135
vt 0.723334 0.838522
vt 0.725822 0.855071
vt 0.725771 0.838459
vt 0.721155 0.835693
vt 0.723326 0.835725
vt 0.725496 0.835680
vt 0.721009 0.804419
vt 0.723230 0.804454
vt 0.725451 0.804406
vt 0.578762 0.921517
vt 0.585219 0.921122
vt 0.578951 0.924095
vt 0.585408 0.923700
vt 0.585402 0.997390
vt 0.578945 0.997785
vt 0.792699 0.999259
vt 0.792889 0.996681
vt 0.799156 0.999655
vt 0.799346 0.997077
vt 0.799340 0.923387
vt 0.792882 0.922991
vt 0.722987 0.160878
vt 0.717594 0.160025
vt 0.723662 0.156593
vt 0.718269 0.155741
vt 0.718284 0.164525
vt 0.723677 0.165378
vt 0.729071 0.160241
vt 0.729746 0.164525
vt 0.723677 0.161093
vt 0.724352 0.165378
vt 0.724367 0.156593
vt 0.729761 0.155741
vt 0.745556 0.165364
vt 0.745575 0.159439
vt 0.749887 0.165378
vt 0.749906 0.159452
vt 0.754237 0.159439
vt 0.749924 0.165378
vt 0.754255 0.165364
vt 0.956234 0.166933
vt 0.956248 0.162118
vt 0.960565 0.166946
vt 0.960579 0.162132
vt 0.951917 0.162105
vt 0.952130 0.092470
vt 0.956462 0.092484
vt 0.951910 0.164479
vt 0.751935 0.918859
vt 0.756266 0.918846
vt 0.751950 0.923673
vt 0.756281 0.923660
vt 0.747619 0.923687
vt 0.747832 0.993321
vt 0.752163 0.993308
vt 0.747611 0.921312
vt 0.589746 0.925537
vt 0.589733 0.921135
vt 0.594077 0.925524
vt 0.594064 0.921122
vt 0.585408 0.923385
vt 0.585415 0.925550
vt 0.589944 0.990042
vt 0.585613 0.990055
vt 0.743280 0.983364
vt 0.747611 0.983377
vt 0.743267 0.987766
vt 0.747598 0.987779
vt 0.738943 0.985515
vt 0.738949 0.983350
vt 0.743478 0.918859
vt 0.739147 0.918846
vt 0.786242 0.996681
vt 0.786235 0.922991
vt 0.792699 0.997077
vt 0.792693 0.923387
vt 0.992873 0.381374
vt 0.999330 0.380979
vt 0.992867 0.455064
vt 0.999325 0.454669
vt 0.909932 0.596943
vt 0.910265 0.482069
vt 0.920499 0.597025
vt 0.920832 0.482151
vt 0.931527 0.482134
vt 0.931194 0.597008
vt 0.690613 0.436014
vt 0.701180 0.435933
vt 0.690947 0.550888
vt 0.701514 0.550808
vt 0.712209 0.550823
vt 0.711875 0.435948
vt 0.931527 0.482286
vt 0.942161 0.482679
vt 0.931877 0.596633
vt 0.942511 0.597025
vt 0.952791 0.482221
vt 0.953142 0.596568
vt 0.920139 0.114739
vt 0.920489 0.000392
vt 0.930773 0.114346
vt 0.931123 0.000000
vt 0.941403 0.114804
vt 0.941754 0.000458
vt 0.583839 0.850820
vt 0.573144 0.850805
vt 0.583505 0.735946
vt 0.572810 0.735931
vt 0.562577 0.850885
vt 0.562243 0.736011
vt 0.931527 0.270630
vt 0.931194 0.385504
vt 0.920832 0.270647
vt 0.920499 0.385521
vt 0.910265 0.270565
vt 0.909932 0.385439
vt 0.931527 0.259301
vt 0.942156 0.258101
vt 0.931866 0.370085
vt 0.942495 0.368885
vt 0.953131 0.370020
vt 0.952791 0.259235
vt 0.931527 0.480869
vt 0.942156 0.482069
vt 0.942495 0.371285
vt 0.953131 0.370150
vt 0.952791 0.480934
vt 0.574428 0.949155
vt 0.547361 0.948610
vt 0.574411 0.937680
vt 0.547344 0.937135
vt 0.566472 0.929406
vt 0.555260 0.929181
vt 0.555300 0.956884
vt 0.566512 0.957109
vt 0.485850 0.932105
vt 0.485834 0.943580
vt 0.458783 0.932650
vt 0.458766 0.944125
vt 0.466723 0.924376
vt 0.477934 0.924150
vt 0.477894 0.951853
vt 0.466682 0.952079
vt 0.672812 0.932154
vt 0.680904 0.924023
vt 0.692412 0.951847
vt 0.700504 0.943716
vt 0.680949 0.951828
vt 0.700486 0.932199
vt 0.692367 0.924042
vt 0.672831 0.943671
vt 0.799346 0.942684
vt 0.818946 0.922991
vt 0.807438 0.950815
vt 0.827039 0.931122
vt 0.827020 0.942639
vt 0.818901 0.950796
vt 0.807483 0.923010
vt 0.799365 0.931167
vt 0.975038 0.133597
vt 0.975164 0.092470
vt 0.985670 0.133629
vt 0.985796 0.092503
vt 0.448008 0.947670
vt 0.458640 0.947638
vt 0.448134 0.988797
vt 0.458766 0.988764
vt 0.907802 0.688454
vt 0.943854 0.679175
vt 0.907623 0.750059
vt 0.943721 0.724975
vt 0.458945 0.914871
vt 0.458766 0.853266
vt 0.494998 0.924150
vt 0.494865 0.878350
vt 0.372129 0.871765
vt 0.408227 0.896849
vt 0.372308 0.933370
vt 0.408361 0.942649
vt 0.907623 0.820944
vt 0.907802 0.759338
vt 0.943721 0.795859
vt 0.943854 0.750059
vt 0.856395 0.989169
vt 0.856508 0.952353
vt 0.867027 0.989202
vt 0.867140 0.952386
vt 0.473657 0.952112
vt 0.484289 0.952079
vt 0.473770 0.988927
vt 0.484402 0.988895
vt 0.907802 0.617570
vt 0.943854 0.608291
vt 0.907623 0.679175
vt 0.943721 0.654091
vt 0.372308 0.862486
vt 0.372129 0.800880
vt 0.408361 0.871765
vt 0.408227 0.825965
vt 0.925252 0.422647
vt 0.928445 0.422657
vt 0.925070 0.482059
vt 0.928263 0.482069
vt 0.574996 0.920193
vt 0.574814 0.860780
vt 0.578189 0.920183
vt 0.578007 0.860771
vt 0.312026 0.978025
vt 0.308833 0.978035
vt 0.311900 0.936899
vt 0.308707 0.936908
vt 0.985922 0.133607
vt 0.985796 0.092480
vt 0.989115 0.133597
vt 0.988989 0.092470
vt 0.930738 0.422347
vt 0.927545 0.422337
vt 0.930851 0.385531
vt 0.927658 0.385521
vt 0.578076 0.920192
vt 0.578189 0.957008
vt 0.574883 0.920202
vt 0.574996 0.957018
vt 0.724090 0.900734
vt 0.720897 0.900724
vt 0.724230 0.855145
vt 0.721037 0.855135
vt 0.566692 0.688161
vt 0.566832 0.733750
vt 0.563499 0.688170
vt 0.563639 0.733760
vt 0.936532 0.228050
vt 0.900480 0.218771
vt 0.936399 0.182250
vt 0.900301 0.157165
vt 0.943854 0.820944
vt 0.943721 0.866744
vt 0.907802 0.830222
vt 0.907623 0.891828
vt 0.782471 0.644463
vt 0.782541 0.620500
vt 0.784457 0.644469
vt 0.784526 0.620506
vt 0.930414 0.461405
vt 0.928488 0.461411
vt 0.930370 0.447284
vt 0.928445 0.447290
vt 0.927039 0.407768
vt 0.926996 0.421889
vt 0.925113 0.407762
vt 0.925070 0.421883
vt 0.074350 0.965788
vt 0.074280 0.988898
vt 0.060250 0.965744
vt 0.060179 0.988854
vt 0.096600 0.988854
vt 0.082499 0.988898
vt 0.096529 0.965744
vt 0.082428 0.965788
vt 0.555719 0.846433
vt 0.557695 0.846427
vt 0.555762 0.860554
vt 0.557738 0.860548
vt 0.559004 0.860548
vt 0.559048 0.846427
vt 0.560981 0.860554
vt 0.561024 0.846433
vt 0.046005 0.989597
vt 0.046078 0.965744
vt 0.060106 0.989641
vt 0.060179 0.965788
vt 0.096600 0.965788
vt 0.110701 0.965744
vt 0.096673 0.989641
vt 0.110774 0.989597
vt 0.227275 0.965738
vt 0.227356 0.992154
vt 0.213174 0.965782
vt 0.213255 0.992197
vt 0.990005 0.718283
vt 0.975904 0.718239
vt 0.990085 0.691867
vt 0.975985 0.691824
vt 0.553706 0.671279
vt 0.555683 0.671273
vt 0.553750 0.685400
vt 0.555726 0.685394
vt 0.553699 0.860548
vt 0.553742 0.846427
vt 0.555675 0.860554
vt 0.213096 0.991374
vt 0.199074 0.965738
vt 0.198995 0.991331
vt 0.014179 0.991337
vt 0.000078 0.991380
vt 0.014101 0.965744
vt 0.000000 0.965788
vt 0.938502 0.172400
vt 0.936576 0.172406
vt 0.938458 0.158279
vt 0.936532 0.158285
vt 0.940471 0.158285
vt 0.940427 0.172406
vt 0.938545 0.158279
vt 0.973689 0.891828
vt 0.969024 0.891301
vt 0.973870 0.832560
vt 0.969205 0.832033
vt 0.973932 0.812284
vt 0.978538 0.832062
vt 0.977213 0.811934
vt 0.978356 0.891330
vt 0.970653 0.811914
vt 0.973951 0.806184
vt 0.972046 0.141096
vt 0.976684 0.141132
vt 0.971868 0.202552
vt 0.976505 0.202588
vt 0.973215 0.223026
vt 0.981377 0.141125
vt 0.976474 0.223051
vt 0.981199 0.202581
vt 0.976527 0.228050
vt 0.979774 0.223046
vt 0.981672 0.487627
vt 0.986338 0.487799
vt 0.981859 0.548800
vt 0.986526 0.548972
vt 0.983307 0.569053
vt 0.991004 0.487598
vt 0.986588 0.569174
vt 0.991191 0.548772
vt 0.989867 0.569033
vt 0.971868 0.228021
vt 0.967174 0.228014
vt 0.971689 0.166565
vt 0.966995 0.166558
vt 0.970263 0.146099
vt 0.962536 0.228050
vt 0.966964 0.146094
vt 0.962358 0.166594
vt 0.967017 0.141094
vt 0.963705 0.146119
vt 0.546529 0.536535
vt 0.543112 0.535627
vt 0.548369 0.539557
vt 0.620393 0.255437
vt 0.625424 0.255428
vt 0.620373 0.267640
vt 0.625404 0.267631
vt 0.616830 0.259017
vt 0.616822 0.264071
vt 0.628975 0.258997
vt 0.628967 0.264051
vt 0.986278 0.484279
vt 0.986341 0.462569
vt 0.987850 0.484302
vt 0.987913 0.462592
vt 0.717729 0.921467
vt 0.717666 0.899757
vt 0.719348 0.921480
vt 0.719284 0.899769
vt 0.577234 0.859969
vt 0.575041 0.860335
vt 0.577241 0.850885
vt 0.575048 0.851252
vt 0.935681 0.126670
vt 0.933465 0.126500
vt 0.935677 0.115218
vt 0.933461 0.115048
vt 0.234534 0.965738
vt 0.234618 0.994494
vt 0.227356 0.972886
vt 0.227419 0.994596
vt 0.241817 0.994393
vt 0.241754 0.972682
vt 0.724237 0.865458
vt 0.726489 0.865470
vt 0.724230 0.875781
vt 0.726481 0.875793
vt 0.726496 0.855147
vt 0.724245 0.855135
vt 0.601488 0.952574
vt 0.601580 0.981330
vt 0.594077 0.952679
vt 0.594147 0.974390
vt 0.608968 0.974178
vt 0.608898 0.952468
vt 0.918004 0.987303
vt 0.918074 0.965593
vt 0.925414 0.987406
vt 0.925507 0.958650
vt 0.932825 0.987508
vt 0.932895 0.965798
vt 0.495803 0.902506
vt 0.498054 0.902494
vt 0.495811 0.912829
vt 0.498062 0.912817
vt 0.495819 0.923152
vt 0.498070 0.923140
vt 0.485850 0.985351
vt 0.485913 0.963641
vt 0.493029 0.992501
vt 0.493112 0.963746
vt 0.500248 0.985561
vt 0.500311 0.963850
vt 0.784671 0.719204
vt 0.782478 0.718838
vt 0.784664 0.710121
vt 0.782471 0.709754
vt 0.926796 0.126500
vt 0.924580 0.126670
vt 0.926800 0.115048
vt 0.924584 0.115218
vt 0.719414 0.985493
vt 0.719351 0.963782
vt 0.720987 0.985470
vt 0.720924 0.963760
vt 0.980896 0.375599
vt 0.980959 0.353889
vt 0.982514 0.375586
vt 0.982577 0.353876
s 1
usemtl Material01
f 1/1/1 2/2/2 3/3/3
f 2/2/2 4/4/4 3/3/3
f 4/4/4 5/5/5 3/3/3
f 5/5/5 6/6/6 3/3/3
f 3/3/3 7/7/7 1/1/1
f 3/3/3 6/6/6 7/7/7
f 7/7/7 8/8/8 1/1/1
f 6/6/6 9/9/9 7/7/7
f 7/7/7 10/10/10 8/8/8
f 7/7/7 9/9/9 10/10/10
f 10/10/10 11/11/11 8/8/8
f 10/10/10 12/12/12 11/11/11
f 10/10/10 13/13/13 12/12/12
f 9/9/9 13/13/13 10/10/10
f 12/12/12 14/14/14 11/11/11
f 13/13/13 15/15/15 12/12/12
f 16/16/16 17/17/17 18/18/18
f 17/17/17 19/19/19 18/18/18
f 20/20/20 18/18/18 21/21/21
f 18/18/18 19/19/19 21/21/21
f 17/17/17 22/22/22 19/19/19
f 22/22/22 23/23/23 19/19/19
f 21/21/21 19/19/19 24/24/24
f 19/19/19 23/23/23 24/24/24
f 22/22/22 25/25/25 23/23/23
f 25/25/25 26/26/26 23/23/23
f 24/24/24 23/23/23 27/27/27
f 23/23/23 26/26/26 27/27/27
f 25/25/25 28/28/28 26/26/26
f 28/28/28 29/29/29 26/26/26
f 27/27/27 26/26/26 30/30/30
f 26/26/26 29/29/29 30/30/30
f 28/28/28 31/31/31 29/29/29
f 31/31/31 32/32/32 29/29/29
f 30/30/30 29/29/29 33/33/33
f 29/29/29 32/32/32 33/33/33
f 31/31/34 34/34/35 32/32/36
f 34/34/35 35/35/37 32/32/36
f 33/33/38 32/32/36 36/36/39
f 32/32/36 35/35/37 36/36/39
f 35/35/37 34/34/35 37/37/40
f 38/38/41 35/35/37 37/37/40
f 38/38/41 39/39/42 35/35/37
f 39/39/43 36/36/39 35/35/37
f 12/40/12 40/41/44 14/42/14
f 40/41/44 41/43/45 14/42/14
f 12/40/12 15/44/15 40/41/44
f 15/44/15 42/45/46 40/41/44
f 40/46/47 43/47/48 41/48/49
f 43/47/50 44/49/51 41/48/52
f 40/46/47 42/50/53 43/47/48
f 42/50/54 45/51/55 43/47/50
f 43/52/50 46/53/56 44/54/51
f 46/53/56 47/55/57 44/54/51
f 43/52/50 45/56/55 46/53/56
f 45/56/55 48/57/58 46/53/56
f 2/58/59 16/59/60 4/60/61
f 16/59/60 18/61/62 4/60/61
f 5/62/63 4/60/61 20/63/64
f 4/60/61 18/61/62 20/63/64
f 16/64/16 2/65/2 17/66/17
f 2/65/2 1/67/1 17/66/17
f 17/66/17 1/67/1 22/68/22
f 1/67/1 8/69/8 22/68/22
f 22/68/22 8/69/8 25/70/25
f 8/69/8 11/71/11 25/70/25
f 25/70/25 11/71/11 28/72/28
f 11/71/11 14/73/14 28/72/28
f 28/72/28 14/73/14 31/74/65
f 14/73/14 41/75/66 31/74/65
f 20/76/20 21/77/21 5/78/5
f 21/77/21 6/79/6 5/78/5
f 21/77/21 24/80/24 6/79/6
f 24/80/24 9/81/9 6/79/6
f 24/80/24 27/82/27 9/81/9
f 27/82/27 13/83/13 9/81/9
f 27/82/27 30/84/30 13/83/13
f 30/84/30 15/85/15 13/83/13
f 30/84/30 33/86/67 15/85/15
f 33/86/67 42/87/68 15/85/15
f 31/74/69 41/75/70 34/88/71
f 41/75/52 44/89/51 34/88/72
f 34/88/72 44/89/51 37/90/73
f 44/89/51 47/91/57 37/90/74
f 33/86/75 36/92/76 42/87/77
f 36/92/78 45/93/55 42/87/54
f 39/94/79 48/95/58 45/93/55
f 36/92/78 39/94/80 45/93/55
f 49/96/81 50/97/82 51/98/83
f 50/97/82 52/99/84 51/98/83
f 53/100/85 54/101/86 50/97/82
f 54/101/86 52/99/84 50/97/82
f 55/102/87 56/103/88 57/104/89
f 56/103/88 58/105/90 57/104/89
f 55/102/87 57/104/89 59/106/91
f 57/104/89 60/107/92 59/106/91
f 51/108/83 52/109/84 61/110/93
f 52/109/84 62/111/94 61/110/93
f 58/112/95 61/110/93 62/111/94
f 54/113/86 63/114/96 52/109/84
f 63/114/96 62/111/94 52/109/84
f 57/115/97 58/112/95 62/111/94
f 57/115/97 62/111/94 60/116/98
f 62/111/94 63/114/96 60/116/98
f 64/117/99 65/118/100 49/119/101
f 65/118/100 50/120/102 49/119/101
f 66/121/103 53/122/104 65/118/100
f 53/122/104 50/120/102 65/118/100
f 55/123/105 65/118/100 64/117/99
f 66/121/103 65/118/100 55/123/105
f 56/124/106 55/123/105 64/117/99
f 59/125/107 66/121/103 55/123/105
f 61/126/108 64/127/109 51/128/110
f 64/127/109 49/129/111 51/128/110
f 56/130/112 64/127/109 61/126/108
f 58/131/113 56/130/112 61/126/108
f 63/132/114 54/133/115 66/134/116
f 54/133/115 53/135/117 66/134/116
f 63/132/114 66/134/116 59/136/118
f 60/137/119 63/132/114 59/136/118
f 67/138/120 68/139/121 69/140/122
f 68/139/121 70/141/123 69/140/122
f 71/142/124 68/139/121 67/138/120
f 68/139/121 72/143/125 70/141/123
f 71/142/124 73/144/126 68/139/121
f 73/144/126 72/143/125 68/139/121
f 74/145/127 71/142/124 67/138/120
f 74/145/127 75/146/128 71/142/124
f 75/146/128 76/147/129 71/142/124
f 71/142/124 76/147/129 73/144/126
f 76/147/129 77/148/130 73/144/126
f 75/146/128 78/149/131 76/147/129
f 78/149/131 79/150/132 76/147/129
f 76/147/129 79/150/132 77/148/130
f 79/150/132 80/151/133 77/148/130
f 72/143/125 81/152/134 70/141/123
f 72/153/125 82/154/135 81/155/134
f 82/154/135 83/156/136 81/155/134
f 84/157/137 82/154/135 72/153/125
f 82/154/135 85/158/138 83/156/136
f 84/157/137 86/159/139 82/154/135
f 86/159/139 85/158/138 82/154/135
f 73/160/126 84/157/137 72/153/125
f 73/160/126 77/161/130 84/157/137
f 77/161/130 87/162/140 84/157/137
f 84/157/137 87/162/140 86/159/139
f 87/162/140 88/163/141 86/159/139
f 77/161/130 80/164/133 87/162/140
f 80/164/133 89/165/142 87/162/140
f 87/162/140 89/165/142 88/163/141
f 89/165/142 90/166/143 88/163/141
f 85/158/138 91/167/144 83/156/136
f 85/168/138 92/169/145 91/170/144
f 92/169/145 93/171/146 91/170/144
f 94/172/147 92/169/145 85/168/138
f 92/169/145 95/173/148 93/171/146
f 94/172/147 96/174/149 92/169/145
f 96/174/149 95/173/148 92/169/145
f 86/175/139 94/172/147 85/168/138
f 86/175/139 88/176/141 94/172/147
f 88/176/141 97/177/150 94/172/147
f 94/172/147 97/177/150 96/174/149
f 97/177/150 98/178/151 96/174/149
f 88/176/141 90/179/143 97/177/150
f 90/179/143 99/180/152 97/177/150
f 97/177/150 99/180/152 98/178/151
f 99/180/152 100/181/153 98/178/151
f 95/173/148 101/182/154 93/171/146
f 95/183/148 102/184/155 101/185/154
f 102/184/155 103/186/156 101/185/154
f 104/187/157 102/184/155 95/183/148
f 67/188/120 102/184/155 74/189/127
f 102/184/155 104/187/157 74/189/127
f 103/186/156 102/184/155 67/188/120
f 96/190/149 104/187/157 95/183/148
f 96/190/149 98/191/151 104/187/157
f 98/191/151 105/192/158 104/187/157
f 74/189/127 104/187/157 105/192/158
f 75/193/128 74/189/127 105/192/158
f 98/191/151 100/194/153 105/192/158
f 100/194/153 106/195/159 105/192/158
f 75/193/128 105/192/158 106/195/159
f 78/196/131 75/193/128 106/195/159
f 69/197/122 103/186/156 67/188/120
f 83/198/136 91/199/144 69/200/122
f 91/199/144 103/201/156 69/200/122
f 70/202/123 81/203/134 69/200/122
f 81/203/134 83/198/136 69/200/122
f 93/204/146 101/205/154 91/199/144
f 101/205/154 103/201/156 91/199/144
f 89/206/142 78/207/131 90/208/143
f 78/207/131 106/209/159 90/208/143
f 99/210/152 90/208/143 100/211/153
f 90/208/143 106/209/159 100/211/153
f 79/212/132 78/207/131 80/213/133
f 78/207/131 89/206/142 80/213/133
f 107/214/160 108/215/161 109/216/162
f 108/215/161 110/217/163 109/216/162
f 109/216/162 110/217/163 111/218/164
f 112/219/165 113/220/166 108/215/161
f 113/220/166 110/217/163 108/215/161
f 110/217/163 114/221/167 111/218/164
f 113/220/166 115/222/168 110/217/163
f 115/222/168 114/221/167 110/217/163
f 116/223/169 107/224/160 117/225/170
f 107/224/160 109/226/162 117/225/170
f 117/225/170 109/226/162 118/227/171
f 116/223/169 117/225/170 119/228/172
f 119/228/172 117/225/170 120/229/173
f 117/225/170 118/227/171 120/229/173
f 121/230/174 116/223/169 119/228/172
f 109/226/162 111/231/164 118/227/171
f 122/232/175 123/233/176 112/234/165
f 123/233/176 113/235/166 112/234/165
f 123/233/176 124/236/177 113/235/166
f 125/237/178 123/233/176 122/232/175
f 125/237/178 126/238/179 123/233/176
f 126/238/179 124/236/177 123/233/176
f 127/239/180 125/237/178 122/232/175
f 124/236/177 115/240/168 113/235/166
f 128/241/181 121/242/174 129/243/182
f 121/242/174 119/244/172 129/243/182
f 128/241/181 129/243/182 127/245/180
f 129/243/182 125/246/178 127/245/180
f 129/243/182 119/244/172 130/247/183
f 129/243/182 130/247/183 125/246/178
f 119/244/172 120/248/173 130/247/183
f 130/247/183 126/249/179 125/246/178
f 130/250/183 120/251/173 114/252/167
f 120/251/173 111/253/164 114/252/167
f 130/250/183 114/252/167 126/254/179
f 114/252/167 115/255/168 126/254/179
f 120/251/173 118/256/171 111/253/164
f 126/254/179 115/255/168 124/257/177
f 131/258/184 132/259/185 133/260/186
f 132/259/185 134/261/187 133/260/186
f 135/262/188 132/259/185 131/258/184
f 132/259/185 136/263/189 134/261/187
f 135/262/188 137/264/190 132/259/185
f 137/264/190 136/263/189 132/259/185
f 138/265/191 135/262/188 131/258/184
f 136/263/189 139/266/192 134/261/187
f 140/267/193 141/268/194 142/269/195
f 141/268/194 143/270/196 142/269/195
f 140/267/193 142/269/195 144/271/197
f 142/269/195 143/270/196 145/272/198
f 144/271/197 142/269/195 146/273/199
f 142/269/195 145/272/198 146/273/199
f 147/274/200 140/267/193 144/271/197
f 143/270/196 148/275/201 145/272/198
f 136/276/189 149/277/202 139/278/192
f 149/277/202 150/279/203 139/278/192
f 151/280/204 149/277/202 136/276/189
f 149/277/202 152/281/205 150/279/203
f 151/280/204 153/282/206 149/277/202
f 153/282/206 152/281/205 149/277/202
f 137/283/190 151/280/204 136/276/189
f 152/281/205 154/284/207 150/279/203
f 145/285/198 148/286/201 155/287/208
f 148/286/201 156/288/209 155/287/208
f 145/285/198 155/287/208 157/289/210
f 155/287/208 156/288/209 158/290/211
f 157/289/210 155/287/208 159/291/212
f 155/287/208 158/290/211 159/291/212
f 146/292/199 145/285/198 157/289/210
f 156/288/209 160/293/213 158/290/211
f 152/294/205 161/295/214 154/296/207
f 161/295/214 162/297/215 154/296/207
f 163/298/216 161/295/214 152/294/205
f 161/295/214 164/299/217 162/297/215
f 163/298/216 165/300/218 161/295/214
f 165/300/218 164/299/217 161/295/214
f 153/301/206 163/298/216 152/294/205
f 164/299/217 166/302/219 162/297/215
f 158/303/211 160/304/213 167/305/220
f 160/304/213 168/306/221 167/305/220
f 158/303/211 167/305/220 169/307/222
f 167/305/220 168/306/221 170/308/223
f 169/307/222 167/305/220 171/309/224
f 167/305/220 170/308/223 171/309/224
f 159/310/212 158/303/211 169/307/222
f 168/306/221 172/311/225 170/308/223
f 164/312/217 173/313/226 166/314/219
f 173/313/226 174/315/227 166/314/219
f 175/316/228 173/313/226 164/312/217
f 131/317/184 173/313/226 138/318/191
f 173/313/226 175/316/228 138/318/191
f 174/315/227 173/313/226 131/317/184
f 165/319/218 175/316/228 164/312/217
f 133/320/186 174/315/227 131/317/184
f 170/321/223 172/322/225 176/323/229
f 172/322/225 177/324/230 176/323/229
f 170/321/223 176/323/229 178/325/231
f 140/326/193 147/327/200 176/323/229
f 147/327/200 178/325/231 176/323/229
f 140/326/193 176/323/229 177/324/230
f 171/328/224 170/321/223 178/325/231
f 141/329/194 140/326/193 177/324/230
f 163/330/216 153/331/206 138/332/191
f 153/331/206 135/333/188 138/332/191
f 138/332/191 175/334/228 163/330/216
f 153/331/206 151/335/204 135/333/188
f 151/335/204 137/336/190 135/333/188
f 175/334/228 165/337/218 163/330/216
f 169/338/222 147/339/200 159/332/212
f 147/339/200 144/340/197 159/332/212
f 159/332/212 144/340/197 157/341/210
f 147/339/200 169/338/222 178/342/231
f 169/338/222 171/343/224 178/342/231
f 144/340/197 146/344/199 157/341/210
f 179/345/232 180/346/233 181/347/234
f 180/346/233 182/348/235 181/347/234
f 183/349/236 184/350/237 185/351/238
f 184/350/239 186/352/240 185/351/238
f 181/353/241 182/354/242 187/355/243
f 182/354/242 188/356/244 187/355/243
f 184/357/245 189/358/246 186/359/247
f 189/358/246 190/360/248 186/359/247
f 191/361/249 192/362/250 179/363/251
f 192/362/250 180/364/252 179/363/251
f 193/365/253 183/366/254 194/367/255
f 183/366/256 185/368/257 194/367/255
f 187/369/258 188/370/259 191/371/260
f 188/370/259 192/372/261 191/371/260
f 189/373/262 193/374/263 190/375/264
f 193/374/265 194/376/266 190/375/264
f 195/377/267 196/378/268 197/379/269
f 196/378/268 198/380/270 197/379/269
f 197/379/269 198/380/270 199/381/271
f 198/380/270 200/382/272 199/381/271
f 199/381/271 200/382/272 201/383/273
f 200/382/274 202/384/275 201/383/276
f 203/385/277 204/386/278 205/387/279
f 204/386/278 206/388/280 205/387/279
f 204/386/278 207/389/281 206/388/280
f 207/389/281 208/390/282 206/388/280
f 207/389/281 209/391/283 208/390/282
f 209/391/284 210/392/285 208/390/286
f 211/393/287 212/394/288 201/395/273
f 212/394/288 199/396/271 201/395/273
f 211/393/287 209/397/283 212/394/288
f 209/397/283 207/398/281 212/394/288
f 212/394/288 213/399/289 199/396/271
f 212/394/288 207/398/281 213/399/289
f 213/399/289 197/400/269 199/396/271
f 213/399/289 214/401/290 197/400/269
f 213/399/289 204/402/278 214/401/290
f 207/398/281 204/402/278 213/399/289
f 214/401/290 195/403/267 197/400/269
f 204/402/278 203/404/277 214/401/290
f 201/405/291 202/406/292 211/407/293
f 202/406/292 215/408/294 211/407/293
f 209/409/295 211/407/293 210/410/296
f 211/407/293 215/408/294 210/410/296
f 216/411/297 217/412/298 218/413/299
f 217/412/298 219/414/300 218/413/299
f 220/415/301 221/416/302 216/411/303
f 221/416/302 217/412/304 216/411/303
f 222/417/305 221/416/302 220/415/301
f 223/418/306 222/417/305 220/415/301
f 224/419/307 225/420/308 226/421/309
f 225/420/308 227/422/310 226/421/309
f 228/423/311 224/419/312 229/424/313
f 224/419/312 226/421/314 229/424/313
f 228/423/311 229/424/313 230/425/315
f 231/426/316 228/423/311 230/425/315
f 232/427/317 233/428/318 234/429/319
f 233/428/318 235/430/320 234/429/319
f 236/431/321 233/428/318 232/427/317
f 237/432/322 236/431/321 232/427/317
f 238/433/323 236/431/321 237/432/322
f 239/434/324 238/433/323 237/432/322
f 240/435/325 241/436/326 242/437/327
f 241/436/326 243/438/328 242/437/327
f 240/435/325 242/437/327 244/439/329
f 245/440/330 240/435/325 244/439/329
f 245/440/330 244/439/329 246/441/331
f 247/442/332 245/440/330 246/441/331
f 218/443/333 219/444/334 235/445/335
f 219/444/334 234/446/336 235/445/335
f 225/447/337 243/448/338 227/449/339
f 243/448/338 241/450/340 227/449/339
f 238/451/341 239/452/342 223/453/343
f 239/452/342 222/454/344 223/453/343
f 246/455/345 231/456/346 247/457/347
f 231/456/346 230/458/348 247/457/347
f 232/459/349 234/460/350 217/461/351
f 234/460/352 219/462/353 217/461/354
f 232/459/355 217/461/356 221/463/357
f 237/464/358 232/459/355 221/463/357
f 237/464/358 221/463/357 222/465/359
f 239/466/360 237/464/358 222/465/359
f 240/467/361 226/468/362 241/469/363
f 226/468/364 227/470/365 241/469/366
f 245/471/367 229/472/368 240/467/369
f 229/472/368 226/468/370 240/467/369
f 230/473/371 229/472/368 245/471/367
f 247/474/372 230/473/371 245/471/367
f 216/475/373 218/476/374 233/477/375
f 218/476/374 235/478/376 233/477/375
f 216/475/373 233/477/375 236/479/377
f 220/480/378 216/475/373 236/479/377
f 220/480/378 236/479/377 238/481/379
f 223/482/380 220/480/378 238/481/379
f 224/483/381 242/484/382 225/485/383
f 242/484/382 243/486/384 225/485/383
f 244/487/385 242/484/382 224/483/381
f 228/488/386 244/487/385 224/483/381
f 246/489/387 244/487/385 228/488/386
f 231/490/388 246/489/387 228/488/386
f 248/491/389 249/492/390 250/493/391
f 249/492/390 251/494/392 250/493/391
f 252/495/393 249/492/390 248/491/389
f 253/496/394 252/495/393 248/491/389
f 254/497/395 252/495/393 253/496/394
f 255/498/396 254/497/395 253/496/394
f 256/499/397 257/500/398 258/501/399
f 257/500/398 259/502/400 258/501/399
f 256/499/397 258/501/399 260/503/401
f 261/504/402 256/499/397 260/503/401
f 261/504/402 260/503/401 262/505/403
f 263/506/404 261/504/402 262/505/403
f 264/507/405 265/508/406 255/509/396
f 265/508/406 254/510/407 255/509/396
f 266/511/408 263/512/404 267/513/409
f 263/512/404 262/514/410 267/513/409
f 250/515/411 251/516/412 268/517/413
f 251/516/412 269/518/414 268/517/413
f 257/519/415 270/520/416 259/521/417
f 270/520/416 271/522/418 259/521/417
f 272/523/419 269/524/420 249/525/421
f 269/524/420 251/526/422 249/525/423
f 272/523/419 249/525/421 252/527/424
f 273/528/425 272/523/419 252/527/424
f 273/528/425 252/527/424 254/529/426
f 265/530/406 273/528/427 254/529/407
f 274/531/428 258/532/429 271/533/430
f 258/532/429 259/534/431 271/533/430
f 260/535/432 258/532/429 274/531/428
f 275/536/433 260/535/432 274/531/428
f 262/537/434 260/535/432 275/536/433
f 267/538/409 262/537/410 275/536/435
f 268/539/436 276/540/437 250/541/391
f 276/540/437 248/542/389 250/541/391
f 276/540/437 277/543/438 248/542/389
f 277/543/438 253/544/394 248/542/389
f 277/543/438 264/545/405 253/544/394
f 264/545/405 255/546/396 253/544/394
f 270/547/439 257/548/398 278/549/440
f 257/548/398 256/550/397 278/549/440
f 278/549/440 256/550/397 279/551/441
f 256/550/397 261/552/402 279/551/441
f 279/551/441 261/552/402 266/553/408
f 261/552/402 263/554/404 266/553/408
f 280/555/442 281/556/443 282/557/444
f 281/556/443 283/558/445 282/557/444
f 284/559/446 285/560/447 286/561/443
f 285/560/447 287/562/448 286/561/443
f 288/563/449 289/564/450 290/565/451
f 289/564/450 291/566/452 290/565/451
f 292/567/453 293/568/454 294/569/455
f 293/568/454 295/570/456 294/569/455
f 296/571/457 297/572/458 291/573/459
f 297/572/458 290/574/460 291/573/459
f 283/575/461 297/572/458 296/571/457
f 282/576/462 283/575/461 296/571/457
f 298/577/463 295/578/464 299/579/465
f 295/578/464 293/580/466 299/579/465
f 298/577/463 299/579/465 287/581/467
f 285/582/468 298/577/469 287/581/467
f 300/583/470 301/584/471 280/585/472
f 301/584/471 281/586/473 280/585/472
f 288/587/474 301/584/471 300/583/470
f 289/588/475 288/587/476 300/583/477
f 302/589/478 284/590/479 303/591/471
f 284/590/479 286/592/473 303/591/471
f 302/589/478 303/591/471 292/593/480
f 294/594/481 302/589/482 292/593/483
f 300/595/484 296/596/485 289/597/486
f 296/596/485 291/598/487 289/597/486
f 282/599/488 296/596/485 300/595/484
f 280/600/489 282/599/488 300/595/484
f 302/601/490 294/602/491 298/603/492
f 294/602/491 295/604/493 298/603/492
f 302/601/490 298/603/492 285/605/494
f 284/606/495 302/601/490 285/605/494
f 304/607/496 305/608/497 306/609/498
f 305/608/497 307/610/499 306/609/498
f 308/611/500 309/612/501 310/613/502
f 309/612/501 311/614/503 310/613/502
f 306/615/498 307/616/499 312/617/504
f 307/616/499 313/618/505 312/617/504
f 309/619/501 314/620/506 311/621/503
f 314/620/506 315/622/507 311/621/503
f 316/623/508 317/624/509 318/625/510
f 317/624/509 319/626/511 318/625/510
f 320/627/512 321/628/513 322/629/514
f 321/628/513 323/630/515 322/629/514
f 312/631/516 316/632/517 306/633/518
f 316/632/517 318/634/519 306/633/518
f 306/633/520 318/634/521 304/635/522
f 318/634/521 324/636/523 304/635/522
f 318/634/521 325/637/524 324/636/523
f 325/637/524 326/638/525 324/636/523
f 321/639/526 327/640/527 325/637/524
f 327/640/527 326/638/525 325/637/524
f 308/641/528 327/640/527 321/639/526
f 309/642/529 308/641/528 321/639/526
f 314/643/530 309/642/531 320/644/532
f 309/642/531 321/639/533 320/644/532
f 305/645/534 328/646/535 307/647/536
f 328/646/537 319/648/538 307/647/539
f 307/647/539 319/648/538 313/649/540
f 319/648/538 317/650/541 313/649/540
f 328/646/537 329/651/542 319/648/538
f 329/651/542 330/652/543 319/648/538
f 331/653/544 323/654/545 329/651/542
f 323/654/545 330/652/543 329/651/542
f 311/655/546 323/654/545 331/653/544
f 311/655/546 315/656/547 323/654/545
f 315/656/547 322/657/548 323/654/545
f 310/658/549 311/655/550 331/653/551
f 316/659/552 312/660/553 317/661/554
f 312/660/553 313/662/555 317/661/554
f 320/663/556 322/664/557 314/665/558
f 322/664/557 315/666/559 314/665/558
f 304/667/560 324/668/561 305/669/562
f 324/668/561 328/670/563 305/669/562
f 324/668/561 326/671/564 328/670/563
f 326/671/564 329/672/565 328/670/563
f 327/673/566 331/674/567 326/671/564
f 331/674/567 329/672/565 326/671/564
f 310/675/568 331/674/567 327/673/566
f 308/676/569 310/675/568 327/673/566
f 332/677/570 333/678/571 334/679/572
f 333/678/571 335/680/573 334/679/572
f 333/678/571 336/681/574 335/680/573
f 336/681/575 337/682/576 335/680/577
f 332/683/578 338/684/579 333/685/580
f 338/684/579 339/686/581 333/685/580
f 333/685/580 339/686/581 336/687/582
f 339/686/583 340/688/584 336/687/585
f 341/689/586 342/690/587 343/691/588
f 342/690/587 337/692/576 343/691/588
f 342/690/587 334/693/589 337/692/576
f 334/693/589 335/694/577 337/692/576
f 344/695/590 345/696/591 346/697/592
f 345/696/591 340/698/584 346/697/592
f 346/697/592 340/698/584 338/699/593
f 340/698/584 339/700/583 338/699/593
f 347/701/594 348/702/595 341/703/586
f 348/702/595 342/704/587 341/703/586
f 347/701/594 344/705/590 348/702/595
f 344/705/590 346/706/592 348/702/595
f 348/702/595 332/707/596 342/704/587
f 348/702/595 346/706/592 332/707/597
f 332/707/598 334/708/599 342/704/600
f 346/706/601 338/709/602 332/707/603
f 336/710/575 349/711/604 337/712/576
f 349/711/604 343/713/588 337/712/576
f 336/710/585 340/714/584 349/711/605
f 340/714/584 345/715/591 349/711/605
f 319/716/606 330/717/607 318/718/608
f 330/717/607 325/719/609 318/718/608
f 323/720/610 321/721/611 330/717/607
f 321/721/611 325/719/609 330/717/607
f 214/722/290 350/723/612 195/724/267
f 350/723/612 196/725/268 195/724/267
f 214/722/290 203/726/277 350/723/612
f 203/726/277 205/727/279 350/723/612
f 351/728/613 352/729/614 353/730/615
f 352/729/614 354/731/616 353/730/615
f 355/732/617 356/733/618 353/730/615
f 356/733/618 351/728/613 353/730/615
f 355/732/617 357/734/619 356/733/618
f 357/734/619 358/735/620 356/733/618
f 359/736/621 360/737/622 361/738/623
f 360/737/622 362/739/624 361/738/623
f 363/740/625 360/737/622 364/741/626
f 360/737/622 359/736/621 364/741/626
f 363/740/625 364/741/626 365/742/627
f 364/741/626 366/743/628 365/742/627
f 367/744/629 368/745/630 354/746/631
f 368/745/630 353/747/632 354/746/631
f 367/744/629 354/746/631 352/748/633
f 369/749/634 367/744/629 352/748/633
f 370/750/635 362/751/636 371/752/637
f 362/751/636 360/753/638 371/752/637
f 361/754/639 362/751/636 370/750/635
f 372/755/640 361/754/639 370/750/635
f 373/756/641 369/757/634 351/758/642
f 369/757/634 352/759/633 351/758/642
f 373/756/641 351/758/642 356/760/643
f 374/761/644 373/756/641 356/760/643
f 375/762/645 359/763/646 372/764/640
f 359/763/646 361/765/639 372/764/640
f 364/766/647 359/763/646 375/762/645
f 376/767/648 364/766/647 375/762/645
f 377/768/649 374/769/644 358/770/650
f 374/769/644 356/771/643 358/770/650
f 377/768/649 358/770/650 357/772/651
f 378/773/652 377/768/649 357/772/651
f 379/774/653 366/775/654 376/776/648
f 366/775/654 364/777/647 376/776/648
f 365/778/655 366/775/654 379/774/653
f 380/779/656 365/778/655 379/774/653
f 381/780/657 378/781/652 355/782/658
f 378/781/652 357/783/651 355/782/658
f 381/780/657 355/782/658 353/784/632
f 368/755/630 381/780/657 353/784/632
f 382/785/659 363/786/660 380/787/656
f 363/786/660 365/747/655 380/787/656
f 360/788/638 363/786/660 382/785/659
f 371/789/637 360/788/638 382/785/659
f 368/790/661 373/791/662 381/792/663
f 373/791/662 374/793/664 381/792/663
f 374/793/664 377/794/665 381/792/663
f 377/794/665 378/795/666 381/792/663
f 368/790/661 367/796/667 373/791/662
f 367/796/667 369/797/668 373/791/662
f 371/798/669 382/799/670 375/800/671
f 382/799/670 376/801/672 375/800/671
f 371/798/669 375/800/671 370/802/673
f 375/800/671 372/803/674 370/802/673
f 376/801/672 382/799/670 379/804/675
f 382/799/670 380/805/676 379/804/675
f 383/806/661 384/807/667 385/808/662
f 384/807/667 386/809/668 385/808/662
f 383/806/661 385/808/662 387/810/663
f 385/808/662 388/811/664 387/810/663
f 388/811/664 389/812/665 387/810/663
f 389/812/665 390/813/666 387/810/663
f 391/814/669 392/815/671 393/816/673
f 392/815/671 394/817/674 393/816/673
f 391/814/669 395/808/670 392/815/671
f 395/808/670 396/818/672 392/815/671
f 396/818/672 395/808/670 397/819/675
f 395/808/670 398/820/676 397/819/675
f 383/821/677 387/822/678 399/823/679
f 387/822/678 400/824/680 399/823/679
f 391/825/681 399/823/679 395/826/682
f 399/823/679 400/824/680 395/826/682
f 387/822/678 390/827/652 400/824/680
f 390/827/652 401/828/683 400/824/680
f 395/826/682 400/824/680 398/829/656
f 400/824/680 401/828/683 398/829/656
f 390/830/652 389/831/649 401/832/683
f 389/831/649 402/833/684 401/832/683
f 398/834/656 401/832/683 397/835/653
f 401/832/683 402/833/684 397/835/653
f 389/831/649 388/836/685 402/833/684
f 388/836/685 403/837/686 402/833/684
f 397/835/653 402/833/684 396/838/648
f 402/833/684 403/837/686 396/838/648
f 388/839/685 385/840/687 403/841/686
f 385/840/687 404/842/688 403/841/686
f 396/843/648 403/841/686 392/844/689
f 403/841/686 404/842/688 392/844/689
f 385/840/687 386/845/634 404/842/688
f 386/845/634 405/846/690 404/842/688
f 392/844/689 404/842/688 394/847/691
f 404/842/688 405/846/690 394/847/691
f 386/848/634 384/849/629 405/850/690
f 384/849/629 406/851/692 405/850/690
f 394/852/691 405/850/690 393/853/635
f 405/850/690 406/851/692 393/853/635
f 384/849/629 383/854/677 406/851/692
f 383/854/677 399/855/679 406/851/692
f 393/853/635 406/851/692 391/856/681
f 406/851/692 399/855/679 391/856/681
f 407/857/693 408/858/694 409/859/695
f 408/858/694 410/860/696 409/859/695
f 411/861/697 412/862/698 409/859/695
f 412/862/698 407/857/693 409/859/695
f 413/863/699 414/864/700 408/858/694
f 414/864/700 410/860/696 408/858/694
f 415/865/701 416/866/702 417/867/703
f 416/866/702 418/868/704 417/867/703
f 419/869/705 417/867/703 420/870/706
f 417/867/703 418/868/704 420/870/706
f 421/871/707 416/866/702 422/872/708
f 416/866/702 415/865/701 422/872/708
f 423/873/709 424/874/710 425/875/711
f 424/874/710 426/876/712 425/875/711
f 409/877/713 424/874/710 423/873/709
f 411/878/714 409/877/713 423/873/709
f 427/879/715 428/880/716 429/881/717
f 428/880/716 430/882/718 429/881/717
f 427/879/715 429/881/717 416/883/719
f 421/884/720 427/879/715 416/883/719
f 431/885/721 423/886/709 432/887/722
f 423/886/709 425/888/711 432/887/722
f 411/889/714 423/886/709 431/885/721
f 412/890/723 411/889/714 431/885/721
f 433/891/724 434/892/725 427/893/715
f 434/892/725 428/894/716 427/893/715
f 433/891/724 427/893/715 421/895/720
f 422/896/726 433/891/724 421/895/720
f 435/897/727 431/898/721 436/899/728
f 431/898/721 432/900/722 436/899/728
f 435/897/727 436/899/728 437/901/729
f 412/902/723 431/898/721 435/897/727
f 407/903/730 412/902/723 435/897/727
f 438/904/731 435/897/727 437/901/729
f 407/903/730 435/897/727 438/904/731
f 408/905/732 407/903/730 438/904/731
f 439/906/733 440/907/734 433/908/724
f 440/907/734 434/909/725 433/908/724
f 439/906/733 433/908/724 422/910/726
f 441/911/735 440/907/734 439/906/733
f 415/912/736 439/906/733 422/910/726
f 442/913/737 441/911/735 439/906/733
f 442/913/737 439/906/733 415/912/736
f 417/914/738 442/913/737 415/912/736
f 443/915/739 438/916/731 444/917/740
f 438/916/731 437/918/729 444/917/740
f 443/915/739 444/917/740 445/919/741
f 408/920/732 438/916/731 443/915/739
f 413/921/742 408/920/732 443/915/739
f 446/922/743 443/915/739 445/919/741
f 413/921/742 443/915/739 446/922/743
f 414/923/744 413/921/742 446/922/743
f 447/924/745 448/925/746 442/926/737
f 448/925/746 441/927/735 442/926/737
f 447/924/745 442/926/737 417/928/738
f 449/929/747 448/925/746 447/924/745
f 419/930/748 447/924/745 417/928/738
f 450/931/749 449/929/747 447/924/745
f 450/931/749 447/924/745 419/930/748
f 420/932/750 450/931/749 419/930/748
f 451/933/751 446/934/743 452/935/752
f 446/934/743 445/936/741 452/935/752
f 414/937/744 446/934/743 451/933/751
f 410/938/753 414/937/744 451/933/751
f 410/938/753 451/933/751 424/939/710
f 409/940/713 410/938/753 424/939/710
f 453/941/754 454/942/755 450/943/749
f 454/942/755 449/944/747 450/943/749
f 453/941/754 450/943/749 420/945/750
f 418/946/756 453/941/754 420/945/750
f 429/947/717 453/941/754 418/946/756
f 416/948/719 429/947/717 418/946/756
f 424/949/710 451/950/751 426/951/712
f 451/950/751 452/952/752 426/951/712
f 429/953/717 430/954/718 453/955/754
f 430/954/718 454/956/755 453/955/754
f 455/957/757 456/958/758 457/959/759
f 456/958/758 458/960/760 457/959/759
f 459/961/761 460/962/762 461/963/763
f 460/962/762 462/964/764 461/963/763
f 455/965/765 463/966/766 456/967/767
f 463/966/768 464/968/769 456/967/767
f 459/969/770 461/970/771 465/971/772
f 461/970/771 466/972/773 465/971/772
f 457/973/774 467/974/775 455/975/765
f 467/974/775 463/976/766 455/975/765
f 460/977/776 459/978/770 468/979/777
f 459/978/770 465/980/772 468/979/777
f 458/981/778 469/982/779 457/983/780
f 469/982/779 467/984/781 457/983/780
f 462/985/782 460/986/783 470/987/778
f 460/986/783 468/988/784 470/987/778
f 464/989/785 463/990/786 469/991/764
f 463/990/786 467/992/787 469/991/764
f 466/993/788 470/994/760 465/995/789
f 470/994/790 468/996/791 465/995/789
f 471/997/792 472/998/793 473/999/794
f 472/998/793 474/1000/795 473/999/794
f 471/997/792 475/1001/796 472/998/793
f 475/1001/796 476/1002/797 472/998/793
f 472/998/793 477/1003/798 474/1000/795
f 472/998/793 476/1002/797 477/1003/798
f 477/1003/798 478/1004/799 474/1000/795
f 476/1002/797 479/1005/800 477/1003/798
f 477/1003/798 480/1006/801 478/1004/799
f 477/1003/798 479/1005/800 480/1006/801
f 480/1006/801 481/1007/802 478/1004/799
f 479/1005/800 482/1008/803 480/1006/801
f 473/1009/794 474/1010/795 483/1011/804
f 474/1010/795 484/1012/805 483/1011/804
f 483/1011/804 484/1012/805 485/1013/806
f 474/1010/795 478/1014/799 484/1012/805
f 484/1012/805 486/1015/807 485/1013/806
f 478/1014/799 487/1016/808 484/1012/805
f 484/1012/805 487/1016/808 486/1015/807
f 478/1014/799 481/1017/802 487/1016/808
f 481/1017/802 488/1018/809 487/1016/808
f 487/1016/808 489/1019/810 486/1015/807
f 487/1016/808 488/1018/809 489/1019/810
f 488/1018/809 490/1020/811 489/1019/810
f 475/1021/796 491/1022/812 476/1023/797
f 491/1022/812 492/1024/813 476/1023/797
f 476/1023/797 492/1024/813 479/1025/800
f 491/1022/812 493/1026/814 492/1024/813
f 493/1026/814 494/1027/815 492/1024/813
f 492/1024/813 495/1028/816 479/1025/800
f 492/1024/813 494/1027/815 495/1028/816
f 479/1025/800 495/1028/816 482/1029/803
f 495/1028/816 496/1030/817 482/1029/803
f 494/1027/815 497/1031/818 495/1028/816
f 495/1028/816 497/1031/818 496/1030/817
f 497/1031/818 498/1032/819 496/1030/817
f 485/1033/806 486/1034/807 499/1035/820
f 486/1034/807 500/1036/821 499/1035/820
f 493/1037/814 499/1035/820 494/1038/815
f 499/1035/820 500/1036/821 494/1038/815
f 486/1034/807 489/1039/810 500/1036/821
f 489/1039/810 501/1040/822 500/1036/821
f 494/1038/815 500/1036/821 497/1041/818
f 500/1036/821 501/1040/822 497/1041/818
f 489/1039/810 490/1042/811 501/1040/822
f 490/1042/811 502/1043/823 501/1040/822
f 497/1041/818 501/1040/822 498/1044/819
f 501/1040/822 502/1043/823 498/1044/819
f 503/1045/824 504/1046/825 505/1047/826
f 504/1046/825 506/1048/827 505/1047/826
f 506/1048/827 507/1049/828 505/1047/826
f 507/1049/828 508/1050/829 505/1047/826
f 509/1051/830 510/1052/831 511/1053/832
f 510/1052/831 512/1054/833 511/1053/832
f 512/1054/833 510/1052/831 513/1055/834
f 510/1052/831 514/1056/835 513/1055/834
f 515/1057/836 516/1058/837 517/1059/838
f 516/1058/839 518/1060/840 517/1059/838
f 503/1061/824 516/1058/837 515/1057/836
f 504/1062/825 503/1061/824 515/1057/836
f 519/1063/841 520/1064/842 521/1065/843
f 520/1064/842 522/1066/844 521/1065/843
f 519/1063/841 521/1065/843 509/1067/830
f 511/1068/832 519/1063/841 509/1067/830
f 523/1069/845 524/1070/846 525/1071/847
f 524/1070/846 526/1072/848 525/1071/847
f 527/1072/849 528/1073/850 529/1074/851
f 528/1073/850 530/1075/852 529/1074/851
f 516/1076/853 523/1077/854 518/1078/855
f 523/1077/856 525/1079/857 518/1078/855
f 505/1080/858 523/1077/854 516/1076/853
f 505/1080/858 508/1081/859 523/1077/854
f 508/1081/859 531/1082/860 523/1077/854
f 503/1083/861 505/1080/858 516/1076/853
f 521/1084/862 522/1085/863 527/1086/864
f 522/1085/863 528/1087/865 527/1086/864
f 521/1084/862 527/1086/864 510/1088/866
f 510/1088/866 527/1086/864 514/1089/867
f 527/1086/868 532/1090/869 514/1089/867
f 509/1091/870 521/1084/862 510/1088/866
f 524/1092/871 515/1093/872 526/1094/873
f 515/1093/874 517/1095/875 526/1094/876
f 504/1096/877 515/1093/872 524/1092/871
f 506/1097/878 504/1096/877 524/1092/871
f 524/1092/871 533/1098/879 506/1097/878
f 533/1098/879 507/1099/880 506/1097/878
f 529/1100/881 530/1101/882 519/1102/883
f 530/1101/882 520/1103/884 519/1102/883
f 529/1100/881 519/1102/883 511/1104/885
f 512/1105/886 529/1100/881 511/1104/885
f 529/1100/881 512/1105/886 534/1106/887
f 512/1105/888 513/1107/889 534/1106/887
f 523/1108/890 531/1109/891 524/1110/892
f 531/1109/891 533/1111/893 524/1110/892
f 527/1112/894 529/1113/895 532/1114/896
f 529/1113/895 534/1115/897 532/1114/896
f 535/1116/898 536/1117/899 537/1118/900
f 536/1117/899 538/1119/901 537/1118/900
f 538/1119/901 539/1120/902 537/1118/900
f 539/1120/902 540/1121/903 537/1118/900
f 541/1122/904 542/1123/905 543/1124/906
f 542/1123/905 544/1125/907 543/1124/906
f 544/1125/907 542/1123/905 545/1126/908
f 542/1123/905 546/1127/909 545/1126/908
f 539/1128/902 547/1129/910 540/1130/903
f 547/1129/910 548/1131/911 540/1130/903
f 547/1129/910 549/1132/912 548/1131/911
f 549/1132/912 550/1133/913 548/1131/911
f 545/1134/908 546/1135/909 551/1136/914
f 546/1135/909 552/1137/915 551/1136/914
f 551/1136/914 552/1137/915 553/1138/916
f 552/1137/915 554/1139/917 553/1138/916
f 549/1140/912 555/1141/918 550/1142/913
f 555/1141/918 556/1143/919 550/1142/913
f 555/1141/918 557/1144/920 556/1143/919
f 557/1144/920 558/1145/921 556/1143/919
f 553/1146/916 554/1147/917 559/1148/922
f 554/1147/917 560/1149/923 559/1148/922
f 559/1148/922 560/1149/923 561/1150/924
f 560/1149/923 562/1151/925 561/1150/924
f 557/1152/920 563/1153/926 558/1154/921
f 563/1153/926 564/1155/927 558/1154/921
f 564/1155/927 563/1153/926 535/1156/898
f 563/1153/926 536/1157/899 535/1156/898
f 561/1158/924 562/1154/925 565/1159/926
f 562/1154/925 566/1160/927 565/1159/926
f 566/1160/927 541/1161/904 565/1159/926
f 541/1161/904 543/1162/906 565/1159/926
f 550/1163/928 564/1164/929 548/1165/930
f 564/1164/929 535/1166/931 548/1165/930
f 540/1167/932 548/1165/930 537/1168/933
f 548/1165/930 535/1166/931 537/1168/933
f 558/1169/934 564/1164/929 556/1170/935
f 564/1164/929 550/1163/928 556/1170/935
f 554/1171/936 552/1172/937 566/1173/929
f 552/1172/937 541/1174/938 566/1173/929
f 562/1175/939 560/1176/940 566/1173/929
f 560/1176/940 554/1171/936 566/1173/929
f 546/1177/941 542/1178/942 552/1172/937
f 542/1178/942 541/1174/938 552/1172/937
f 557/1179/943 555/1180/944 538/1181/945
f 555/1180/944 539/1182/946 538/1181/945
f 557/1179/943 538/1181/945 536/1183/947
f 539/1182/946 555/1180/944 547/1184/948
f 555/1180/944 549/1185/949 547/1184/948
f 563/1186/950 557/1179/943 536/1183/947
f 561/1187/951 544/1188/952 559/1189/953
f 544/1188/952 545/1190/954 559/1189/953
f 545/1190/954 551/1191/955 559/1189/953
f 551/1191/955 553/1192/956 559/1189/953
f 543/1193/957 544/1188/952 561/1187/951
f 565/1194/950 543/1193/957 561/1187/951
f 567/1195/958 568/1196/959 569/1197/960
f 568/1196/959 570/1198/961 569/1197/960
f 571/1199/961 572/1200/959 573/1201/962
f 572/1200/963 574/1202/964 573/1201/962
f 575/1203/965 576/1204/966 567/1205/967
f 576/1204/966 568/1206/968 567/1205/967
f 577/1207/969 571/1208/970 578/1209/971
f 571/1208/970 573/1210/972 578/1209/971
f 569/1211/973 570/1212/970 579/1213/971
f 570/1212/970 580/1214/969 579/1213/971
f 572/1215/974 581/1216/975 574/1217/967
f 581/1216/975 582/1218/965 574/1217/967
f 579/1219/976 580/1220/977 575/1221/978
f 580/1220/977 576/1222/979 575/1221/978
f 581/1223/980 577/1224/977 582/1225/978
f 577/1224/977 578/1226/981 582/1225/978
f 583/1227/982 584/1228/983 585/1229/984
f 584/1228/983 586/1230/985 585/1229/984
f 587/1231/986 588/1232/987 589/1233/988
f 588/1232/987 590/1234/989 589/1233/988
f 585/1235/990 591/1236/991 583/1237/992
f 591/1236/991 592/1238/993 583/1237/992
f 588/1239/994 587/1240/995 593/1241/996
f 587/1240/995 594/1242/997 593/1241/996
f 586/1243/998 595/1244/999 585/1245/1000
f 595/1244/999 591/1246/1001 585/1245/1000
f 590/1247/1002 588/1248/1003 596/1249/1004
f 588/1248/1003 593/1250/1005 596/1249/1004
f 583/1251/992 592/1252/993 584/1253/1006
f 592/1252/993 597/1254/1007 584/1253/1006
f 587/1255/995 589/1256/1008 594/1257/997
f 589/1256/1008 598/1258/1009 594/1257/997
f 584/1259/1010 597/1260/1011 586/1261/998
f 597/1260/1011 595/1262/999 586/1261/998
f 589/1263/1012 590/1264/1002 598/1265/1013
f 590/1264/1002 596/1266/1004 598/1265/1013
f 597/1267/1014 592/1268/1015 595/1269/1016
f 592/1268/1015 591/1270/1017 595/1269/1016
f 598/1271/1018 596/1272/1019 594/1273/1020
f 596/1272/1019 593/1274/1021 594/1273/1020
f 599/1275/1022 600/1276/1023 601/1277/1024
f 600/1276/1023 602/1278/1025 601/1277/1024
f 603/1279/1026 604/1280/1027 601/1281/1028
f 604/1280/1027 599/1282/1029 601/1281/1030
f 605/1283/1026 606/1284/1031 607/1285/1027
f 606/1284/1031 608/1286/1032 607/1285/1027
f 604/1287/1033 609/1288/1034 599/1289/1035
f 609/1288/1034 600/1290/1036 599/1289/1037
f 607/1291/1033 608/1292/1038 610/1293/1034
f 608/1292/1038 611/1294/1039 610/1293/1034
f 609/1295/1040 612/1296/1041 600/1297/1042
f 612/1296/1041 602/1298/1043 600/1297/1044
f 610/1299/1040 611/1300/1045 613/1301/1041
f 611/1300/1045 614/1302/1046 613/1301/1041
f 612/1303/1047 603/1304/1048 602/1305/1049
f 603/1304/1048 601/1306/1050 602/1305/1051
f 613/1307/1047 614/1308/1052 605/1309/1048
f 614/1308/1052 606/1310/1053 605/1309/1048
f 615/1311/1047 616/1312/1048 617/1313/1052
f 616/1312/1048 618/1314/1053 617/1313/1052
f 619/1315/1047 620/1316/1052 621/1317/1048
f 620/1316/1052 622/1318/1053 621/1317/1048
f 623/1319/1040 615/1320/1041 624/1321/1045
f 615/1320/1041 617/1322/1046 624/1321/1045
f 625/1323/1040 626/1324/1045 619/1325/1041
f 626/1324/1045 620/1295/1046 619/1325/1041
f 627/1313/1033 623/1326/1034 628/1327/1038
f 623/1326/1034 624/1328/1039 628/1327/1038
f 629/1329/1033 630/1330/1038 625/1331/1034
f 630/1330/1038 626/1332/1039 625/1331/1034
f 616/1333/1026 627/1334/1027 618/1335/1031
f 627/1334/1027 628/1336/1032 618/1335/1031
f 621/1337/1026 622/1338/1031 629/1339/1027
f 622/1338/1031 630/1333/1032 629/1339/1027
f 631/1340/1054 632/1341/1055 633/1342/1056
f 632/1341/1055 634/1343/1057 633/1342/1056
f 633/1342/1056 634/1343/1057 635/1344/1058
f 631/1340/1054 633/1342/1056 636/1345/1059
f 636/1345/1059 633/1342/1056 637/1346/1060
f 633/1342/1056 635/1344/1058 637/1346/1060
f 638/1347/1061 631/1340/1054 636/1345/1059
f 634/1343/1057 639/1348/1062 635/1344/1058
f 640/1349/1063 635/1344/1058 639/1348/1062
f 640/1349/1064 637/1346/1060 635/1344/1058
f 632/1350/1055 641/1351/1065 634/1352/1057
f 641/1351/1065 642/1353/1066 634/1352/1057
f 634/1352/1057 642/1353/1066 639/1354/1062
f 641/1351/1065 643/1355/1067 642/1353/1066
f 642/1353/1066 644/1356/1068 639/1354/1062
f 643/1355/1067 645/1357/1069 642/1353/1066
f 642/1353/1066 645/1357/1069 644/1356/1068
f 644/1356/1068 640/1358/1070 639/1354/1062
f 645/1357/1069 646/1359/1071 644/1356/1068
f 646/1359/1071 640/1358/1072 644/1356/1068
f 643/1360/1067 647/1361/1073 645/1362/1069
f 647/1361/1073 648/1363/1074 645/1362/1069
f 645/1362/1069 648/1363/1074 646/1364/1071
f 647/1361/1073 649/1365/1075 648/1363/1074
f 648/1363/1074 650/1366/1076 646/1364/1071
f 649/1365/1075 651/1367/1077 648/1363/1074
f 648/1363/1074 651/1367/1077 650/1366/1076
f 651/1367/1077 652/1368/1078 650/1366/1076
f 649/1369/1075 653/1370/1079 651/1371/1077
f 653/1370/1079 654/1372/1080 651/1371/1077
f 651/1371/1077 654/1372/1080 652/1373/1078
f 653/1370/1079 638/1374/1061 654/1372/1080
f 654/1372/1080 655/1375/1081 652/1373/1078
f 638/1374/1061 636/1376/1059 654/1372/1080
f 654/1372/1080 636/1376/1059 655/1375/1081
f 655/1375/1081 640/1377/1082 652/1373/1078
f 636/1376/1059 637/1378/1060 655/1375/1081
f 637/1378/1060 640/1377/1083 655/1375/1081
f 650/1379/1076 640/691/1084 646/1380/1071
f 652/1381/1078 640/691/1085 650/1379/1076
f 638/1382/1086 653/1383/1087 641/1384/1088
f 653/1383/1087 643/1385/1089 641/1384/1088
f 638/1382/1086 641/1384/1088 631/1386/1090
f 641/1384/1088 632/1387/1091 631/1386/1090
f 653/1383/1087 649/1388/1092 643/1385/1089
f 649/1388/1092 647/1389/1093 643/1385/1089
f 656/1390/1094 657/1391/1095 658/1392/1096
f 657/1391/1095 659/1393/1097 658/1392/1096
f 660/1394/1098 661/1395/1099 662/1396/1100
f 661/1395/1099 663/1397/1101 662/1396/1100
f 664/1398/1102 665/1399/1103 658/1400/1096
f 665/1399/1103 656/1401/1094 658/1400/1096
f 663/1402/1101 661/1403/1099 664/1404/1102
f 661/1403/1099 665/1405/1103 664/1404/1102
f 665/1406/1104 666/1407/1105 656/1408/1106
f 666/1407/1105 657/1409/1107 656/1408/1106
f 660/1410/1108 666/1407/1105 665/1406/1104
f 661/1411/1109 660/1410/1108 665/1406/1104
f 666/1412/1110 667/1413/1111 657/1414/1112
f 667/1413/1111 659/1415/1113 657/1414/1112
f 662/1416/1114 667/1413/1111 666/1412/1110
f 660/1417/1115 662/1416/1114 666/1412/1110
f 667/1418/1116 664/1419/1117 659/1420/1118
f 664/1419/1117 658/1421/1119 659/1420/1118
f 663/1422/1120 664/1419/1117 667/1418/1116
f 662/1423/1121 663/1422/1120 667/1418/1116
f 668/1424/1122 669/1425/1123 670/1426/1124
f 669/1425/1123 671/1427/1125 670/1426/1124
f 670/1426/1124 671/1427/1125 672/1428/1126
f 671/1427/1125 673/1429/1127 672/1428/1126
f 674/1430/1128 668/1431/1129 675/1432/1130
f 668/1431/1129 670/1433/1131 675/1432/1130
f 675/1432/1130 670/1433/1131 676/1434/1132
f 670/1433/1131 672/1435/1133 676/1434/1132
f 677/1436/1134 674/1437/1135 678/1438/1136
f 674/1437/1135 675/1439/1137 678/1438/1136
f 678/1438/1136 675/1439/1137 679/1440/1138
f 675/1439/1137 676/1441/1139 679/1440/1138
f 669/1442/1140 677/1443/1141 671/1444/1142
f 677/1443/1141 678/1445/1143 671/1444/1142
f 671/1446/1142 678/1447/1143 673/1448/1144
f 678/1447/1143 679/1449/1145 673/1448/1144
f 674/1450/1146 677/1451/1141 668/1452/1147
f 677/1451/1141 669/1453/1140 668/1452/1147
f 679/1454/1145 676/1455/1148 673/1456/1144
f 676/1455/1148 672/1457/1149 673/1456/1144
